rows_total,accepted_rows,acceptance_rate,accuracy_all_rows,accuracy_on_accepted,pf_estimate_rr1,pred_Long,pred_Short,pred_None,real_Long,real_Short,real_None,source
181,181,1.0,0.298343,0.298343,0.425197,181,0,0,54,36,0,predictions_XAUUSD_Minute15_20200102.csv
176,176,1.0,0.329545,0.329545,0.491525,176,0,0,58,30,0,predictions_XAUUSD_Minute15_20200103.csv
8,8,1.0,0.125,0.125,0.142857,8,0,0,1,3,0,predictions_XAUUSD_Minute15_20200105.csv
184,184,1.0,0.255435,0.255435,0.343066,184,0,0,47,45,0,predictions_XAUUSD_Minute15_20200106.csv
184,184,1.0,0.298913,0.298913,0.426357,184,0,0,55,37,0,predictions_XAUUSD_Minute15_20200107.csv
184,184,1.0,0.228261,0.228261,0.295775,184,0,0,42,50,0,predictions_XAUUSD_Minute15_20200108.csv
184,184,1.0,0.255435,0.255435,0.343066,184,0,0,47,45,0,predictions_XAUUSD_Minute15_20200109.csv
176,176,1.0,0.278409,0.278409,0.385827,176,0,0,49,39,0,predictions_XAUUSD_Minute15_20200110.csv
8,8,1.0,0.125,0.125,0.142857,8,0,0,1,3,0,predictions_XAUUSD_Minute15_20200112.csv
184,184,1.0,0.244565,0.244565,0.323741,184,0,0,45,46,0,predictions_XAUUSD_Minute15_20200113.csv
184,184,1.0,0.293478,0.293478,0.415385,184,0,0,54,38,0,predictions_XAUUSD_Minute15_20200114.csv
184,184,1.0,0.266304,0.266304,0.362963,184,0,0,49,43,0,predictions_XAUUSD_Minute15_20200115.csv
184,184,1.0,0.23913,0.23913,0.314286,184,0,0,44,46,0,predictions_XAUUSD_Minute15_20200116.csv
176,176,1.0,0.284091,0.284091,0.396825,176,0,0,50,38,0,predictions_XAUUSD_Minute15_20200117.csv
8,8,1.0,0.25,0.25,0.333333,8,0,0,2,2,0,predictions_XAUUSD_Minute15_20200119.csv
152,152,1.0,0.276316,0.276316,0.381818,152,0,0,42,32,0,predictions_XAUUSD_Minute15_20200120.csv
184,184,1.0,0.233696,0.233696,0.304965,184,0,0,43,48,0,predictions_XAUUSD_Minute15_20200121.csv
184,184,1.0,0.277174,0.277174,0.383459,184,0,0,51,38,0,predictions_XAUUSD_Minute15_20200122.csv
184,184,1.0,0.26087,0.26087,0.352941,184,0,0,48,44,0,predictions_XAUUSD_Minute15_20200123.csv
176,176,1.0,0.232955,0.232955,0.303704,176,0,0,41,46,0,predictions_XAUUSD_Minute15_20200124.csv
8,8,1.0,0.375,0.375,0.6,8,0,0,3,1,0,predictions_XAUUSD_Minute15_20200126.csv
184,184,1.0,0.255435,0.255435,0.343066,184,0,0,47,45,0,predictions_XAUUSD_Minute15_20200127.csv
184,184,1.0,0.211957,0.211957,0.268966,184,0,0,39,52,0,predictions_XAUUSD_Minute15_20200128.csv
184,184,1.0,0.288043,0.288043,0.40458,184,0,0,53,39,0,predictions_XAUUSD_Minute15_20200129.csv
184,184,1.0,0.23913,0.23913,0.314286,184,0,0,44,48,0,predictions_XAUUSD_Minute15_20200130.csv
176,176,1.0,0.272727,0.272727,0.375,176,0,0,48,40,0,predictions_XAUUSD_Minute15_20200131.csv
8,8,1.0,0.25,0.25,0.333333,8,0,0,2,2,0,predictions_XAUUSD_Minute15_20200202.csv
184,184,1.0,0.23913,0.23913,0.314286,184,0,0,44,48,0,predictions_XAUUSD_Minute15_20200203.csv
184,184,1.0,0.211957,0.211957,0.268966,184,0,0,39,53,0,predictions_XAUUSD_Minute15_20200204.csv
184,184,1.0,0.25,0.25,0.333333,184,0,0,46,46,0,predictions_XAUUSD_Minute15_20200205.csv
184,184,1.0,0.25,0.25,0.333333,184,0,0,46,45,0,predictions_XAUUSD_Minute15_20200206.csv
176,176,1.0,0.255682,0.255682,0.343511,176,0,0,45,42,0,predictions_XAUUSD_Minute15_20200207.csv
8,8,1.0,0.5,0.5,1.0,8,0,0,4,0,0,predictions_XAUUSD_Minute15_20200209.csv
184,184,1.0,0.217391,0.217391,0.277778,184,0,0,40,52,0,predictions_XAUUSD_Minute15_20200210.csv
184,184,1.0,0.228261,0.228261,0.295775,184,0,0,42,50,0,predictions_XAUUSD_Minute15_20200211.csv
184,184,1.0,0.25,0.25,0.333333,184,0,0,46,46,0,predictions_XAUUSD_Minute15_20200212.csv
184,184,1.0,0.266304,0.266304,0.362963,184,0,0,49,43,0,predictions_XAUUSD_Minute15_20200213.csv
176,176,1.0,0.278409,0.278409,0.385827,176,0,0,49,36,0,predictions_XAUUSD_Minute15_20200214.csv
8,8,1.0,0.25,0.25,0.333333,8,0,0,2,2,0,predictions_XAUUSD_Minute15_20200216.csv
152,152,1.0,0.243421,0.243421,0.321739,152,0,0,37,39,0,predictions_XAUUSD_Minute15_20200217.csv
184,184,1.0,0.282609,0.282609,0.393939,184,0,0,52,40,0,predictions_XAUUSD_Minute15_20200218.csv
184,184,1.0,0.266304,0.266304,0.362963,184,0,0,49,43,0,predictions_XAUUSD_Minute15_20200219.csv
184,184,1.0,0.25,0.25,0.333333,184,0,0,46,46,0,predictions_XAUUSD_Minute15_20200220.csv
176,176,1.0,0.306818,0.306818,0.442623,176,0,0,54,34,0,predictions_XAUUSD_Minute15_20200221.csv
8,8,1.0,0.25,0.25,0.333333,8,0,0,2,2,0,predictions_XAUUSD_Minute15_20200223.csv
184,172,0.934783,0.23913,0.244186,0.323077,172,0,0,42,44,0,predictions_XAUUSD_Minute15_20200224.csv
184,174,0.945652,0.266304,0.258621,0.348837,156,18,0,44,43,0,predictions_XAUUSD_Minute15_20200225.csv
184,184,1.0,0.255435,0.255435,0.343066,184,0,0,47,45,0,predictions_XAUUSD_Minute15_20200226.csv
184,172,0.934783,0.26087,0.255814,0.34375,154,18,0,45,41,0,predictions_XAUUSD_Minute15_20200227.csv
176,166,0.943182,0.227273,0.228916,0.296875,152,14,0,35,48,0,predictions_XAUUSD_Minute15_20200228.csv
8,8,1.0,0.25,0.25,0.333333,8,0,0,2,2,0,predictions_XAUUSD_Minute15_20200301.csv
184,172,0.934783,0.282609,0.290698,0.409836,158,14,0,47,39,0,predictions_XAUUSD_Minute15_20200302.csv
184,170,0.923913,0.26087,0.270588,0.370968,164,6,0,43,42,0,predictions_XAUUSD_Minute15_20200303.csv
184,184,1.0,0.266304,0.266304,0.362963,184,0,0,49,43,0,predictions_XAUUSD_Minute15_20200304.csv
184,184,1.0,0.282609,0.282609,0.393939,184,0,0,52,39,0,predictions_XAUUSD_Minute15_20200305.csv
176,166,0.943182,0.25,0.259036,0.349593,146,20,0,47,36,0,predictions_XAUUSD_Minute15_20200306.csv
16,16,1.0,0.3125,0.3125,0.454545,16,0,0,5,3,0,predictions_XAUUSD_Minute15_20200308.csv
184,184,1.0,0.233696,0.233696,0.304965,184,0,0,43,49,0,predictions_XAUUSD_Minute15_20200309.csv
184,166,0.902174,0.266304,0.26506,0.360656,160,6,0,43,40,0,predictions_XAUUSD_Minute15_20200310.csv
184,184,1.0,0.271739,0.271739,0.373134,184,0,0,50,42,0,predictions_XAUUSD_Minute15_20200311.csv
184,166,0.902174,0.271739,0.271084,0.371901,162,4,0,45,38,0,predictions_XAUUSD_Minute15_20200312.csv
168,150,0.892857,0.232143,0.226667,0.293103,150,0,0,34,41,0,predictions_XAUUSD_Minute15_20200313.csv
16,16,1.0,0.25,0.25,0.333333,16,0,0,4,4,0,predictions_XAUUSD_Minute15_20200315.csv
184,174,0.945652,0.23913,0.241379,0.318182,154,20,0,42,45,0,predictions_XAUUSD_Minute15_20200316.csv
184,170,0.923913,0.277174,0.270588,0.370968,158,12,0,46,39,0,predictions_XAUUSD_Minute15_20200317.csv
184,184,1.0,0.201087,0.201087,0.251701,184,0,0,37,55,0,predictions_XAUUSD_Minute15_20200318.csv
184,184,1.0,0.222826,0.222826,0.286713,184,0,0,41,51,0,predictions_XAUUSD_Minute15_20200319.csv
168,168,1.0,0.27381,0.27381,0.377049,168,0,0,46,38,0,predictions_XAUUSD_Minute15_20200320.csv
16,16,1.0,0.25,0.25,0.333333,16,0,0,4,4,0,predictions_XAUUSD_Minute15_20200322.csv
184,184,1.0,0.271739,0.271739,0.373134,184,0,0,50,42,0,predictions_XAUUSD_Minute15_20200323.csv
184,184,1.0,0.255435,0.255435,0.343066,184,0,0,47,45,0,predictions_XAUUSD_Minute15_20200324.csv
182,182,1.0,0.214286,0.214286,0.272727,182,0,0,39,52,0,predictions_XAUUSD_Minute15_20200325.csv
184,184,1.0,0.288043,0.288043,0.40458,184,0,0,53,39,0,predictions_XAUUSD_Minute15_20200326.csv
168,168,1.0,0.267857,0.267857,0.365854,168,0,0,45,39,0,predictions_XAUUSD_Minute15_20200327.csv
16,16,1.0,0.25,0.25,0.333333,16,0,0,4,4,0,predictions_XAUUSD_Minute15_20200329.csv
184,184,1.0,0.228261,0.228261,0.295775,184,0,0,42,50,0,predictions_XAUUSD_Minute15_20200330.csv
184,184,1.0,0.222826,0.222826,0.286713,184,0,0,41,51,0,predictions_XAUUSD_Minute15_20200331.csv
184,184,1.0,0.293478,0.293478,0.415385,184,0,0,54,38,0,predictions_XAUUSD_Minute15_20200401.csv
184,184,1.0,0.277174,0.277174,0.383459,184,0,0,51,41,0,predictions_XAUUSD_Minute15_20200402.csv
168,168,1.0,0.232143,0.232143,0.302326,168,0,0,39,44,0,predictions_XAUUSD_Minute15_20200403.csv
16,16,1.0,0.25,0.25,0.333333,16,0,0,4,4,0,predictions_XAUUSD_Minute15_20200405.csv
184,184,1.0,0.266304,0.266304,0.362963,184,0,0,49,43,0,predictions_XAUUSD_Minute15_20200406.csv
184,184,1.0,0.228261,0.228261,0.295775,184,0,0,42,50,0,predictions_XAUUSD_Minute15_20200407.csv
184,184,1.0,0.266304,0.266304,0.362963,184,0,0,49,43,0,predictions_XAUUSD_Minute15_20200408.csv
168,168,1.0,0.279762,0.279762,0.38843,168,0,0,47,37,0,predictions_XAUUSD_Minute15_20200409.csv
16,16,1.0,0.25,0.25,0.333333,16,0,0,4,4,0,predictions_XAUUSD_Minute15_20200412.csv
184,184,1.0,0.282609,0.282609,0.393939,184,0,0,52,39,0,predictions_XAUUSD_Minute15_20200413.csv
184,184,1.0,0.26087,0.26087,0.352941,184,0,0,48,44,0,predictions_XAUUSD_Minute15_20200414.csv
184,184,1.0,0.255435,0.255435,0.343066,184,0,0,47,45,0,predictions_XAUUSD_Minute15_20200415.csv
184,184,1.0,0.255435,0.255435,0.343066,184,0,0,47,44,0,predictions_XAUUSD_Minute15_20200416.csv
168,168,1.0,0.208333,0.208333,0.263158,168,0,0,35,49,0,predictions_XAUUSD_Minute15_20200417.csv
16,16,1.0,0.125,0.125,0.142857,16,0,0,2,6,0,predictions_XAUUSD_Minute15_20200419.csv
184,184,1.0,0.25,0.25,0.333333,184,0,0,46,45,0,predictions_XAUUSD_Minute15_20200420.csv
184,184,1.0,0.26087,0.26087,0.352941,184,0,0,48,44,0,predictions_XAUUSD_Minute15_20200421.csv
184,184,1.0,0.23913,0.23913,0.314286,184,0,0,44,48,0,predictions_XAUUSD_Minute15_20200422.csv
184,184,1.0,0.271739,0.271739,0.373134,184,0,0,50,42,0,predictions_XAUUSD_Minute15_20200423.csv
168,168,1.0,0.267857,0.267857,0.365854,168,0,0,45,39,0,predictions_XAUUSD_Minute15_20200424.csv
16,16,1.0,0.3125,0.3125,0.454545,16,0,0,5,3,0,predictions_XAUUSD_Minute15_20200426.csv
184,184,1.0,0.228261,0.228261,0.295775,184,0,0,42,50,0,predictions_XAUUSD_Minute15_20200427.csv
184,184,1.0,0.222826,0.222826,0.286713,184,0,0,41,50,0,predictions_XAUUSD_Minute15_20200428.csv
184,184,1.0,0.244565,0.244565,0.323741,184,0,0,45,47,0,predictions_XAUUSD_Minute15_20200429.csv
184,184,1.0,0.23913,0.23913,0.314286,184,0,0,44,47,0,predictions_XAUUSD_Minute15_20200430.csv
168,168,1.0,0.255952,0.255952,0.344,168,0,0,43,41,0,predictions_XAUUSD_Minute15_20200501.csv
16,16,1.0,0.1875,0.1875,0.230769,16,0,0,3,5,0,predictions_XAUUSD_Minute15_20200503.csv
184,184,1.0,0.26087,0.26087,0.352941,184,0,0,48,44,0,predictions_XAUUSD_Minute15_20200504.csv
184,184,1.0,0.255435,0.255435,0.343066,184,0,0,47,45,0,predictions_XAUUSD_Minute15_20200505.csv
184,184,1.0,0.23913,0.23913,0.314286,184,0,0,44,47,0,predictions_XAUUSD_Minute15_20200506.csv
184,184,1.0,0.304348,0.304348,0.4375,184,0,0,56,36,0,predictions_XAUUSD_Minute15_20200507.csv
168,168,1.0,0.22619,0.22619,0.292308,168,0,0,38,46,0,predictions_XAUUSD_Minute15_20200508.csv
16,16,1.0,0.25,0.25,0.333333,16,0,0,4,4,0,predictions_XAUUSD_Minute15_20200510.csv
184,184,1.0,0.228261,0.228261,0.295775,184,0,0,42,49,0,predictions_XAUUSD_Minute15_20200511.csv
184,184,1.0,0.26087,0.26087,0.352941,184,0,0,48,42,0,predictions_XAUUSD_Minute15_20200512.csv
184,184,1.0,0.288043,0.288043,0.40458,184,0,0,53,39,0,predictions_XAUUSD_Minute15_20200513.csv
184,184,1.0,0.282609,0.282609,0.393939,184,0,0,52,40,0,predictions_XAUUSD_Minute15_20200514.csv
168,168,1.0,0.25,0.25,0.333333,168,0,0,42,42,0,predictions_XAUUSD_Minute15_20200515.csv
16,16,1.0,0.4375,0.4375,0.777778,16,0,0,7,1,0,predictions_XAUUSD_Minute15_20200517.csv
184,184,1.0,0.255435,0.255435,0.343066,184,0,0,47,45,0,predictions_XAUUSD_Minute15_20200518.csv
184,184,1.0,0.266304,0.266304,0.362963,184,0,0,49,43,0,predictions_XAUUSD_Minute15_20200519.csv
184,184,1.0,0.26087,0.26087,0.352941,184,0,0,48,44,0,predictions_XAUUSD_Minute15_20200520.csv
184,184,1.0,0.233696,0.233696,0.304965,184,0,0,43,48,0,predictions_XAUUSD_Minute15_20200521.csv
168,168,1.0,0.315476,0.315476,0.46087,168,0,0,53,30,0,predictions_XAUUSD_Minute15_20200522.csv
16,16,1.0,0.125,0.125,0.142857,16,0,0,2,6,0,predictions_XAUUSD_Minute15_20200524.csv
152,152,1.0,0.243421,0.243421,0.321739,152,0,0,37,39,0,predictions_XAUUSD_Minute15_20200525.csv
184,184,1.0,0.233696,0.233696,0.304965,184,0,0,43,49,0,predictions_XAUUSD_Minute15_20200526.csv
184,184,1.0,0.255435,0.255435,0.343066,184,0,0,47,45,0,predictions_XAUUSD_Minute15_20200527.csv
184,184,1.0,0.288043,0.288043,0.40458,184,0,0,53,39,0,predictions_XAUUSD_Minute15_20200528.csv
168,168,1.0,0.27381,0.27381,0.377049,168,0,0,46,37,0,predictions_XAUUSD_Minute15_20200529.csv
16,16,1.0,0.375,0.375,0.6,16,0,0,6,2,0,predictions_XAUUSD_Minute15_20200531.csv
184,184,1.0,0.244565,0.244565,0.323741,184,0,0,45,46,0,predictions_XAUUSD_Minute15_20200601.csv
184,184,1.0,0.23913,0.23913,0.314286,184,0,0,44,46,0,predictions_XAUUSD_Minute15_20200602.csv
184,184,1.0,0.222826,0.222826,0.286713,184,0,0,41,51,0,predictions_XAUUSD_Minute15_20200603.csv
184,184,1.0,0.244565,0.244565,0.323741,184,0,0,45,46,0,predictions_XAUUSD_Minute15_20200604.csv
168,168,1.0,0.202381,0.202381,0.253731,168,0,0,34,50,0,predictions_XAUUSD_Minute15_20200605.csv
16,16,1.0,0.25,0.25,0.333333,16,0,0,4,4,0,predictions_XAUUSD_Minute15_20200607.csv
184,184,1.0,0.288043,0.288043,0.40458,184,0,0,53,39,0,predictions_XAUUSD_Minute15_20200608.csv
184,184,1.0,0.26087,0.26087,0.352941,184,0,0,48,44,0,predictions_XAUUSD_Minute15_20200609.csv
184,184,1.0,0.277174,0.277174,0.383459,184,0,0,51,41,0,predictions_XAUUSD_Minute15_20200610.csv
184,184,1.0,0.222826,0.222826,0.286713,184,0,0,41,51,0,predictions_XAUUSD_Minute15_20200611.csv
168,168,1.0,0.279762,0.279762,0.38843,168,0,0,47,36,0,predictions_XAUUSD_Minute15_20200612.csv
16,16,1.0,0.3125,0.3125,0.454545,16,0,0,5,3,0,predictions_XAUUSD_Minute15_20200614.csv
184,184,1.0,0.222826,0.222826,0.286713,184,0,0,41,51,0,predictions_XAUUSD_Minute15_20200615.csv
184,184,1.0,0.23913,0.23913,0.314286,184,0,0,44,47,0,predictions_XAUUSD_Minute15_20200616.csv
184,184,1.0,0.228261,0.228261,0.295775,184,0,0,42,49,0,predictions_XAUUSD_Minute15_20200617.csv
184,184,1.0,0.26087,0.26087,0.352941,184,0,0,48,44,0,predictions_XAUUSD_Minute15_20200618.csv
168,168,1.0,0.297619,0.297619,0.423729,168,0,0,50,34,0,predictions_XAUUSD_Minute15_20200619.csv
16,16,1.0,0.25,0.25,0.333333,16,0,0,4,4,0,predictions_XAUUSD_Minute15_20200621.csv
184,184,1.0,0.26087,0.26087,0.352941,184,0,0,48,44,0,predictions_XAUUSD_Minute15_20200622.csv
184,184,1.0,0.288043,0.288043,0.40458,184,0,0,53,39,0,predictions_XAUUSD_Minute15_20200623.csv
184,184,1.0,0.23913,0.23913,0.314286,184,0,0,44,47,0,predictions_XAUUSD_Minute15_20200624.csv
184,184,1.0,0.25,0.25,0.333333,184,0,0,46,45,0,predictions_XAUUSD_Minute15_20200625.csv
168,168,1.0,0.27381,0.27381,0.377049,168,0,0,46,38,0,predictions_XAUUSD_Minute15_20200626.csv
16,16,1.0,0.25,0.25,0.333333,16,0,0,4,4,0,predictions_XAUUSD_Minute15_20200628.csv
184,184,1.0,0.271739,0.271739,0.373134,184,0,0,50,42,0,predictions_XAUUSD_Minute15_20200629.csv
184,184,1.0,0.222826,0.222826,0.286713,184,0,0,41,51,0,predictions_XAUUSD_Minute15_20200630.csv
184,184,1.0,0.233696,0.233696,0.304965,184,0,0,43,49,0,predictions_XAUUSD_Minute15_20200701.csv
184,184,1.0,0.266304,0.266304,0.362963,184,0,0,49,42,0,predictions_XAUUSD_Minute15_20200702.csv
136,136,1.0,0.257353,0.257353,0.346535,136,0,0,35,32,0,predictions_XAUUSD_Minute15_20200703.csv
16,16,1.0,0.3125,0.3125,0.454545,16,0,0,5,3,0,predictions_XAUUSD_Minute15_20200705.csv
184,184,1.0,0.271739,0.271739,0.373134,184,0,0,50,42,0,predictions_XAUUSD_Minute15_20200706.csv
184,184,1.0,0.271739,0.271739,0.373134,184,0,0,50,41,0,predictions_XAUUSD_Minute15_20200707.csv
184,184,1.0,0.282609,0.282609,0.393939,184,0,0,52,40,0,predictions_XAUUSD_Minute15_20200708.csv
184,184,1.0,0.282609,0.282609,0.393939,184,0,0,52,40,0,predictions_XAUUSD_Minute15_20200709.csv
168,168,1.0,0.244048,0.244048,0.322835,168,0,0,41,43,0,predictions_XAUUSD_Minute15_20200710.csv
16,16,1.0,0.3125,0.3125,0.454545,16,0,0,5,3,0,predictions_XAUUSD_Minute15_20200712.csv
184,184,1.0,0.255435,0.255435,0.343066,184,0,0,47,45,0,predictions_XAUUSD_Minute15_20200713.csv
184,184,1.0,0.255435,0.255435,0.343066,184,0,0,47,45,0,predictions_XAUUSD_Minute15_20200714.csv
184,184,1.0,0.255435,0.255435,0.343066,184,0,0,47,45,0,predictions_XAUUSD_Minute15_20200715.csv
184,184,1.0,0.228261,0.228261,0.295775,184,0,0,42,50,0,predictions_XAUUSD_Minute15_20200716.csv
168,168,1.0,0.291667,0.291667,0.411765,168,0,0,49,35,0,predictions_XAUUSD_Minute15_20200717.csv
16,16,1.0,0.25,0.25,0.333333,16,0,0,4,4,0,predictions_XAUUSD_Minute15_20200719.csv
184,184,1.0,0.277174,0.277174,0.383459,184,0,0,51,41,0,predictions_XAUUSD_Minute15_20200720.csv
184,184,1.0,0.293478,0.293478,0.415385,184,0,0,54,38,0,predictions_XAUUSD_Minute15_20200721.csv
184,184,1.0,0.288043,0.288043,0.40458,184,0,0,53,39,0,predictions_XAUUSD_Minute15_20200722.csv
184,184,1.0,0.282609,0.282609,0.393939,184,0,0,52,40,0,predictions_XAUUSD_Minute15_20200723.csv
168,168,1.0,0.244048,0.244048,0.322835,168,0,0,41,43,0,predictions_XAUUSD_Minute15_20200724.csv
16,16,1.0,0.3125,0.3125,0.454545,16,0,0,5,3,0,predictions_XAUUSD_Minute15_20200726.csv
184,184,1.0,0.271739,0.271739,0.373134,184,0,0,50,42,0,predictions_XAUUSD_Minute15_20200727.csv
184,184,1.0,0.266304,0.266304,0.362963,184,0,0,49,43,0,predictions_XAUUSD_Minute15_20200728.csv
184,184,1.0,0.25,0.25,0.333333,184,0,0,46,46,0,predictions_XAUUSD_Minute15_20200729.csv
184,184,1.0,0.228261,0.228261,0.295775,184,0,0,42,50,0,predictions_XAUUSD_Minute15_20200730.csv
168,168,1.0,0.255952,0.255952,0.344,168,0,0,43,41,0,predictions_XAUUSD_Minute15_20200731.csv
16,16,1.0,0.3125,0.3125,0.454545,16,0,0,5,3,0,predictions_XAUUSD_Minute15_20200802.csv
184,184,1.0,0.266304,0.266304,0.362963,184,0,0,49,43,0,predictions_XAUUSD_Minute15_20200803.csv
184,184,1.0,0.293478,0.293478,0.415385,184,0,0,54,38,0,predictions_XAUUSD_Minute15_20200804.csv
184,184,1.0,0.288043,0.288043,0.40458,184,0,0,53,38,0,predictions_XAUUSD_Minute15_20200805.csv
184,184,1.0,0.282609,0.282609,0.393939,184,0,0,52,40,0,predictions_XAUUSD_Minute15_20200806.csv
168,156,0.928571,0.220238,0.230769,0.3,156,0,0,36,42,0,predictions_XAUUSD_Minute15_20200807.csv
16,16,1.0,0.125,0.125,0.142857,16,0,0,2,6,0,predictions_XAUUSD_Minute15_20200809.csv
184,184,1.0,0.255435,0.255435,0.343066,184,0,0,47,45,0,predictions_XAUUSD_Minute15_20200810.csv
184,168,0.913043,0.211957,0.214286,0.272727,168,0,0,36,48,0,predictions_XAUUSD_Minute15_20200811.csv
184,184,1.0,0.271739,0.271739,0.373134,184,0,0,50,42,0,predictions_XAUUSD_Minute15_20200812.csv
184,184,1.0,0.282609,0.282609,0.393939,184,0,0,52,40,0,predictions_XAUUSD_Minute15_20200813.csv
168,168,1.0,0.220238,0.220238,0.282443,168,0,0,37,47,0,predictions_XAUUSD_Minute15_20200814.csv
16,16,1.0,0.3125,0.3125,0.454545,16,0,0,5,3,0,predictions_XAUUSD_Minute15_20200816.csv
184,184,1.0,0.309783,0.309783,0.448819,184,0,0,57,35,0,predictions_XAUUSD_Minute15_20200817.csv
184,184,1.0,0.282609,0.282609,0.393939,184,0,0,52,39,0,predictions_XAUUSD_Minute15_20200818.csv
184,184,1.0,0.233696,0.233696,0.304965,184,0,0,43,49,0,predictions_XAUUSD_Minute15_20200819.csv
184,184,1.0,0.255435,0.255435,0.343066,184,0,0,47,45,0,predictions_XAUUSD_Minute15_20200820.csv
168,168,1.0,0.238095,0.238095,0.3125,168,0,0,40,44,0,predictions_XAUUSD_Minute15_20200821.csv
16,16,1.0,0.25,0.25,0.333333,16,0,0,4,4,0,predictions_XAUUSD_Minute15_20200823.csv
184,184,1.0,0.25,0.25,0.333333,184,0,0,46,46,0,predictions_XAUUSD_Minute15_20200824.csv
184,184,1.0,0.271739,0.271739,0.373134,184,0,0,50,42,0,predictions_XAUUSD_Minute15_20200825.csv
184,184,1.0,0.244565,0.244565,0.323741,184,0,0,45,47,0,predictions_XAUUSD_Minute15_20200826.csv
184,164,0.891304,0.201087,0.213415,0.271318,164,0,0,35,47,0,predictions_XAUUSD_Minute15_20200827.csv
168,168,1.0,0.297619,0.297619,0.423729,168,0,0,50,34,0,predictions_XAUUSD_Minute15_20200828.csv
16,16,1.0,0.25,0.25,0.333333,16,0,0,4,4,0,predictions_XAUUSD_Minute15_20200830.csv
184,184,1.0,0.266304,0.266304,0.362963,184,0,0,49,42,0,predictions_XAUUSD_Minute15_20200831.csv
184,184,1.0,0.25,0.25,0.333333,184,0,0,46,46,0,predictions_XAUUSD_Minute15_20200901.csv
184,184,1.0,0.266304,0.266304,0.362963,184,0,0,49,43,0,predictions_XAUUSD_Minute15_20200902.csv
184,184,1.0,0.26087,0.26087,0.352941,184,0,0,48,44,0,predictions_XAUUSD_Minute15_20200903.csv
168,164,0.97619,0.261905,0.256098,0.344262,164,0,0,42,40,0,predictions_XAUUSD_Minute15_20200904.csv
16,16,1.0,0.125,0.125,0.142857,16,0,0,2,6,0,predictions_XAUUSD_Minute15_20200906.csv
152,152,1.0,0.230263,0.230263,0.299145,152,0,0,35,41,0,predictions_XAUUSD_Minute15_20200907.csv
184,184,1.0,0.25,0.25,0.333333,184,0,0,46,46,0,predictions_XAUUSD_Minute15_20200908.csv
184,184,1.0,0.228261,0.228261,0.295775,184,0,0,42,48,0,predictions_XAUUSD_Minute15_20200909.csv
184,184,1.0,0.288043,0.288043,0.40458,184,0,0,53,39,0,predictions_XAUUSD_Minute15_20200910.csv
168,168,1.0,0.220238,0.220238,0.282443,168,0,0,37,47,0,predictions_XAUUSD_Minute15_20200911.csv
16,16,1.0,0.3125,0.3125,0.454545,16,0,0,5,3,0,predictions_XAUUSD_Minute15_20200913.csv
184,184,1.0,0.282609,0.282609,0.393939,184,0,0,52,39,0,predictions_XAUUSD_Minute15_20200914.csv
184,184,1.0,0.293478,0.293478,0.415385,184,0,0,54,38,0,predictions_XAUUSD_Minute15_20200915.csv
184,184,1.0,0.277174,0.277174,0.383459,184,0,0,51,39,0,predictions_XAUUSD_Minute15_20200916.csv
184,184,1.0,0.233696,0.233696,0.304965,184,0,0,43,49,0,predictions_XAUUSD_Minute15_20200917.csv
168,168,1.0,0.267857,0.267857,0.365854,168,0,0,45,39,0,predictions_XAUUSD_Minute15_20200918.csv
16,16,1.0,0.3125,0.3125,0.454545,16,0,0,5,3,0,predictions_XAUUSD_Minute15_20200920.csv
184,168,0.913043,0.25,0.244048,0.322835,168,0,0,41,43,0,predictions_XAUUSD_Minute15_20200921.csv
184,184,1.0,0.23913,0.23913,0.314286,184,0,0,44,48,0,predictions_XAUUSD_Minute15_20200922.csv
184,184,1.0,0.222826,0.222826,0.286713,184,0,0,41,51,0,predictions_XAUUSD_Minute15_20200923.csv
184,184,1.0,0.266304,0.266304,0.362963,184,0,0,49,43,0,predictions_XAUUSD_Minute15_20200924.csv
168,168,1.0,0.291667,0.291667,0.411765,168,0,0,49,35,0,predictions_XAUUSD_Minute15_20200925.csv
16,16,1.0,0.25,0.25,0.333333,16,0,0,4,4,0,predictions_XAUUSD_Minute15_20200927.csv
184,184,1.0,0.26087,0.26087,0.352941,184,0,0,48,43,0,predictions_XAUUSD_Minute15_20200928.csv
184,184,1.0,0.244565,0.244565,0.323741,184,0,0,45,47,0,predictions_XAUUSD_Minute15_20200929.csv
184,184,1.0,0.233696,0.233696,0.304965,184,0,0,43,49,0,predictions_XAUUSD_Minute15_20200930.csv
184,184,1.0,0.23913,0.23913,0.314286,184,0,0,44,48,0,predictions_XAUUSD_Minute15_20201001.csv
168,168,1.0,0.22619,0.22619,0.292308,168,0,0,38,46,0,predictions_XAUUSD_Minute15_20201002.csv
16,16,1.0,0.25,0.25,0.333333,16,0,0,4,4,0,predictions_XAUUSD_Minute15_20201004.csv
184,184,1.0,0.255435,0.255435,0.343066,184,0,0,47,45,0,predictions_XAUUSD_Minute15_20201005.csv
184,184,1.0,0.233696,0.233696,0.304965,184,0,0,43,49,0,predictions_XAUUSD_Minute15_20201006.csv
184,184,1.0,0.282609,0.282609,0.393939,184,0,0,52,40,0,predictions_XAUUSD_Minute15_20201007.csv
184,184,1.0,0.244565,0.244565,0.323741,184,0,0,45,46,0,predictions_XAUUSD_Minute15_20201008.csv
168,168,1.0,0.315476,0.315476,0.46087,168,0,0,53,31,0,predictions_XAUUSD_Minute15_20201009.csv
16,16,1.0,0.1875,0.1875,0.230769,16,0,0,3,5,0,predictions_XAUUSD_Minute15_20201011.csv
184,184,1.0,0.288043,0.288043,0.40458,184,0,0,53,39,0,predictions_XAUUSD_Minute15_20201012.csv
184,184,1.0,0.222826,0.222826,0.286713,184,0,0,41,50,0,predictions_XAUUSD_Minute15_20201013.csv
184,184,1.0,0.293478,0.293478,0.415385,184,0,0,54,38,0,predictions_XAUUSD_Minute15_20201014.csv
184,184,1.0,0.23913,0.23913,0.314286,184,0,0,44,47,0,predictions_XAUUSD_Minute15_20201015.csv
168,168,1.0,0.25,0.25,0.333333,168,0,0,42,41,0,predictions_XAUUSD_Minute15_20201016.csv
16,16,1.0,0.125,0.125,0.142857,16,0,0,2,6,0,predictions_XAUUSD_Minute15_20201018.csv
184,184,1.0,0.266304,0.266304,0.362963,184,0,0,49,42,0,predictions_XAUUSD_Minute15_20201019.csv
184,184,1.0,0.271739,0.271739,0.373134,184,0,0,50,42,0,predictions_XAUUSD_Minute15_20201020.csv
184,184,1.0,0.26087,0.26087,0.352941,184,0,0,48,44,0,predictions_XAUUSD_Minute15_20201021.csv
184,184,1.0,0.23913,0.23913,0.314286,184,0,0,44,48,0,predictions_XAUUSD_Minute15_20201022.csv
168,168,1.0,0.25,0.25,0.333333,168,0,0,42,40,0,predictions_XAUUSD_Minute15_20201023.csv
16,16,1.0,0.1875,0.1875,0.230769,16,0,0,3,5,0,predictions_XAUUSD_Minute15_20201025.csv
184,184,1.0,0.288043,0.288043,0.40458,184,0,0,53,38,0,predictions_XAUUSD_Minute15_20201026.csv
184,184,1.0,0.255435,0.255435,0.343066,184,0,0,47,45,0,predictions_XAUUSD_Minute15_20201027.csv
184,184,1.0,0.228261,0.228261,0.295775,184,0,0,42,49,0,predictions_XAUUSD_Minute15_20201028.csv
184,184,1.0,0.233696,0.233696,0.304965,184,0,0,43,49,0,predictions_XAUUSD_Minute15_20201029.csv
168,168,1.0,0.244048,0.244048,0.322835,168,0,0,41,43,0,predictions_XAUUSD_Minute15_20201030.csv
8,8,1.0,0.125,0.125,0.142857,8,0,0,1,3,0,predictions_XAUUSD_Minute15_20201101.csv
184,184,1.0,0.277174,0.277174,0.383459,184,0,0,51,41,0,predictions_XAUUSD_Minute15_20201102.csv
184,184,1.0,0.244565,0.244565,0.323741,184,0,0,45,46,0,predictions_XAUUSD_Minute15_20201103.csv
184,184,1.0,0.26087,0.26087,0.352941,184,0,0,48,44,0,predictions_XAUUSD_Minute15_20201104.csv
184,184,1.0,0.309783,0.309783,0.448819,184,0,0,57,35,0,predictions_XAUUSD_Minute15_20201105.csv
176,176,1.0,0.244318,0.244318,0.323308,176,0,0,43,45,0,predictions_XAUUSD_Minute15_20201106.csv
8,8,1.0,0.375,0.375,0.6,8,0,0,3,1,0,predictions_XAUUSD_Minute15_20201108.csv
184,166,0.902174,0.222826,0.216867,0.276923,166,0,0,36,46,0,predictions_XAUUSD_Minute15_20201109.csv
184,184,1.0,0.23913,0.23913,0.314286,184,0,0,44,48,0,predictions_XAUUSD_Minute15_20201110.csv
184,184,1.0,0.244565,0.244565,0.323741,184,0,0,45,47,0,predictions_XAUUSD_Minute15_20201111.csv
184,184,1.0,0.282609,0.282609,0.393939,184,0,0,52,40,0,predictions_XAUUSD_Minute15_20201112.csv
176,176,1.0,0.232955,0.232955,0.303704,176,0,0,41,46,0,predictions_XAUUSD_Minute15_20201113.csv
8,8,1.0,0.375,0.375,0.6,8,0,0,3,1,0,predictions_XAUUSD_Minute15_20201115.csv
184,184,1.0,0.25,0.25,0.333333,184,0,0,46,46,0,predictions_XAUUSD_Minute15_20201116.csv
184,184,1.0,0.228261,0.228261,0.295775,184,0,0,42,50,0,predictions_XAUUSD_Minute15_20201117.csv
184,184,1.0,0.244565,0.244565,0.323741,184,0,0,45,46,0,predictions_XAUUSD_Minute15_20201118.csv
184,184,1.0,0.228261,0.228261,0.295775,184,0,0,42,50,0,predictions_XAUUSD_Minute15_20201119.csv
176,176,1.0,0.267045,0.267045,0.364341,176,0,0,47,41,0,predictions_XAUUSD_Minute15_20201120.csv
8,8,1.0,0.25,0.25,0.333333,8,0,0,2,2,0,predictions_XAUUSD_Minute15_20201122.csv
184,184,1.0,0.255435,0.255435,0.343066,184,0,0,47,45,0,predictions_XAUUSD_Minute15_20201123.csv
184,184,1.0,0.211957,0.211957,0.268966,184,0,0,39,53,0,predictions_XAUUSD_Minute15_20201124.csv
184,184,1.0,0.217391,0.217391,0.277778,184,0,0,40,52,0,predictions_XAUUSD_Minute15_20201125.csv
152,152,1.0,0.243421,0.243421,0.321739,152,0,0,37,39,0,predictions_XAUUSD_Minute15_20201126.csv
150,150,1.0,0.22,0.22,0.282051,150,0,0,33,42,0,predictions_XAUUSD_Minute15_20201127.csv
8,8,1.0,0.25,0.25,0.333333,8,0,0,2,2,0,predictions_XAUUSD_Minute15_20201129.csv
184,184,1.0,0.25,0.25,0.333333,184,0,0,46,46,0,predictions_XAUUSD_Minute15_20201130.csv
184,184,1.0,0.293478,0.293478,0.415385,184,0,0,54,38,0,predictions_XAUUSD_Minute15_20201201.csv
184,184,1.0,0.26087,0.26087,0.352941,184,0,0,48,43,0,predictions_XAUUSD_Minute15_20201202.csv
184,184,1.0,0.255435,0.255435,0.343066,184,0,0,47,45,0,predictions_XAUUSD_Minute15_20201203.csv
176,176,1.0,0.227273,0.227273,0.294118,176,0,0,40,47,0,predictions_XAUUSD_Minute15_20201204.csv
8,8,1.0,0.125,0.125,0.142857,8,0,0,1,3,0,predictions_XAUUSD_Minute15_20201206.csv
184,184,1.0,0.288043,0.288043,0.40458,184,0,0,53,39,0,predictions_XAUUSD_Minute15_20201207.csv
184,184,1.0,0.23913,0.23913,0.314286,184,0,0,44,48,0,predictions_XAUUSD_Minute15_20201208.csv
184,184,1.0,0.233696,0.233696,0.304965,184,0,0,43,49,0,predictions_XAUUSD_Minute15_20201209.csv
184,184,1.0,0.244565,0.244565,0.323741,184,0,0,45,47,0,predictions_XAUUSD_Minute15_20201210.csv
176,176,1.0,0.267045,0.267045,0.364341,176,0,0,47,41,0,predictions_XAUUSD_Minute15_20201211.csv
8,8,1.0,0.375,0.375,0.6,8,0,0,3,1,0,predictions_XAUUSD_Minute15_20201213.csv
184,184,1.0,0.228261,0.228261,0.295775,184,0,0,42,50,0,predictions_XAUUSD_Minute15_20201214.csv
184,184,1.0,0.282609,0.282609,0.393939,184,0,0,52,40,0,predictions_XAUUSD_Minute15_20201215.csv
184,184,1.0,0.282609,0.282609,0.393939,184,0,0,52,40,0,predictions_XAUUSD_Minute15_20201216.csv
184,184,1.0,0.255435,0.255435,0.343066,184,0,0,47,45,0,predictions_XAUUSD_Minute15_20201217.csv
176,176,1.0,0.232955,0.232955,0.303704,176,0,0,41,47,0,predictions_XAUUSD_Minute15_20201218.csv
8,8,1.0,0.375,0.375,0.6,8,0,0,3,1,0,predictions_XAUUSD_Minute15_20201220.csv
184,184,1.0,0.255435,0.255435,0.343066,184,0,0,47,44,0,predictions_XAUUSD_Minute15_20201221.csv
184,184,1.0,0.25,0.25,0.333333,184,0,0,46,46,0,predictions_XAUUSD_Minute15_20201222.csv
184,184,1.0,0.277174,0.277174,0.383459,184,0,0,51,40,0,predictions_XAUUSD_Minute15_20201223.csv
150,150,1.0,0.253333,0.253333,0.339286,150,0,0,38,36,0,predictions_XAUUSD_Minute15_20201224.csv
8,8,1.0,0.375,0.375,0.6,8,0,0,3,1,0,predictions_XAUUSD_Minute15_20201227.csv
184,184,1.0,0.23913,0.23913,0.314286,184,0,0,44,48,0,predictions_XAUUSD_Minute15_20201228.csv
184,184,1.0,0.271739,0.271739,0.373134,184,0,0,50,41,0,predictions_XAUUSD_Minute15_20201229.csv
184,184,1.0,0.298913,0.298913,0.426357,184,0,0,55,37,0,predictions_XAUUSD_Minute15_20201230.csv
152,152,1.0,0.236842,0.236842,0.310345,152,0,0,36,40,0,predictions_XAUUSD_Minute15_20201231.csv
8,8,1.0,0.5,0.5,1.0,8,0,0,4,0,0,predictions_XAUUSD_Minute15_20210103.csv
184,184,1.0,0.282609,0.282609,0.393939,184,0,0,52,40,0,predictions_XAUUSD_Minute15_20210104.csv
184,184,1.0,0.266304,0.266304,0.362963,184,0,0,49,43,0,predictions_XAUUSD_Minute15_20210105.csv
184,184,1.0,0.277174,0.277174,0.383459,184,0,0,51,41,0,predictions_XAUUSD_Minute15_20210106.csv
184,184,1.0,0.244565,0.244565,0.323741,184,0,0,45,47,0,predictions_XAUUSD_Minute15_20210107.csv
176,176,1.0,0.255682,0.255682,0.343511,176,0,0,45,42,0,predictions_XAUUSD_Minute15_20210108.csv
8,8,1.0,0.25,0.25,0.333333,8,0,0,2,2,0,predictions_XAUUSD_Minute15_20210110.csv
184,184,1.0,0.25,0.25,0.333333,184,0,0,46,46,0,predictions_XAUUSD_Minute15_20210111.csv
184,184,1.0,0.26087,0.26087,0.352941,184,0,0,48,44,0,predictions_XAUUSD_Minute15_20210112.csv
184,184,1.0,0.244565,0.244565,0.323741,184,0,0,45,47,0,predictions_XAUUSD_Minute15_20210113.csv
184,184,1.0,0.23913,0.23913,0.314286,184,0,0,44,48,0,predictions_XAUUSD_Minute15_20210114.csv
176,176,1.0,0.210227,0.210227,0.266187,176,0,0,37,50,0,predictions_XAUUSD_Minute15_20210115.csv
8,8,1.0,0.25,0.25,0.333333,8,0,0,2,2,0,predictions_XAUUSD_Minute15_20210117.csv
152,152,1.0,0.263158,0.263158,0.357143,152,0,0,40,36,0,predictions_XAUUSD_Minute15_20210118.csv
184,184,1.0,0.23913,0.23913,0.314286,184,0,0,44,48,0,predictions_XAUUSD_Minute15_20210119.csv
184,184,1.0,0.277174,0.277174,0.383459,184,0,0,51,41,0,predictions_XAUUSD_Minute15_20210120.csv
184,184,1.0,0.266304,0.266304,0.362963,184,0,0,49,43,0,predictions_XAUUSD_Minute15_20210121.csv
176,176,1.0,0.232955,0.232955,0.303704,176,0,0,41,46,0,predictions_XAUUSD_Minute15_20210122.csv
8,8,1.0,0.5,0.5,1.0,8,0,0,4,0,0,predictions_XAUUSD_Minute15_20210124.csv
184,184,1.0,0.244565,0.244565,0.323741,184,0,0,45,47,0,predictions_XAUUSD_Minute15_20210125.csv
184,184,1.0,0.228261,0.228261,0.295775,184,0,0,42,50,0,predictions_XAUUSD_Minute15_20210126.csv
184,184,1.0,0.23913,0.23913,0.314286,184,0,0,44,45,0,predictions_XAUUSD_Minute15_20210127.csv
184,172,0.934783,0.23913,0.238372,0.312977,172,0,0,41,45,0,predictions_XAUUSD_Minute15_20210128.csv
176,154,0.875,0.272727,0.279221,0.387387,154,0,0,43,34,0,predictions_XAUUSD_Minute15_20210129.csv
8,8,1.0,0.25,0.25,0.333333,8,0,0,2,2,0,predictions_XAUUSD_Minute15_20210131.csv
184,172,0.934783,0.26087,0.261628,0.354331,172,0,0,45,41,0,predictions_XAUUSD_Minute15_20210201.csv
184,184,1.0,0.206522,0.206522,0.260274,184,0,0,38,54,0,predictions_XAUUSD_Minute15_20210202.csv
184,184,1.0,0.26087,0.26087,0.352941,184,0,0,48,44,0,predictions_XAUUSD_Minute15_20210203.csv
184,184,1.0,0.217391,0.217391,0.277778,184,0,0,40,51,0,predictions_XAUUSD_Minute15_20210204.csv
176,176,1.0,0.25,0.25,0.333333,176,0,0,44,43,0,predictions_XAUUSD_Minute15_20210205.csv
8,8,1.0,0.25,0.25,0.333333,8,0,0,2,2,0,predictions_XAUUSD_Minute15_20210207.csv
184,184,1.0,0.277174,0.277174,0.383459,184,0,0,51,41,0,predictions_XAUUSD_Minute15_20210208.csv
184,184,1.0,0.26087,0.26087,0.352941,184,0,0,48,43,0,predictions_XAUUSD_Minute15_20210209.csv
184,184,1.0,0.23913,0.23913,0.314286,184,0,0,44,47,0,predictions_XAUUSD_Minute15_20210210.csv
184,184,1.0,0.233696,0.233696,0.304965,184,0,0,43,47,0,predictions_XAUUSD_Minute15_20210211.csv
176,176,1.0,0.227273,0.227273,0.294118,176,0,0,40,48,0,predictions_XAUUSD_Minute15_20210212.csv
8,8,1.0,0.125,0.125,0.142857,8,0,0,1,3,0,predictions_XAUUSD_Minute15_20210214.csv
152,152,1.0,0.217105,0.217105,0.277311,152,0,0,33,43,0,predictions_XAUUSD_Minute15_20210215.csv
184,168,0.913043,0.217391,0.214286,0.272727,168,0,0,36,48,0,predictions_XAUUSD_Minute15_20210216.csv
184,174,0.945652,0.25,0.264368,0.359375,174,0,0,46,40,0,predictions_XAUUSD_Minute15_20210217.csv
184,178,0.967391,0.25,0.252809,0.338346,178,0,0,45,44,0,predictions_XAUUSD_Minute15_20210218.csv
176,176,1.0,0.25,0.25,0.333333,176,0,0,44,44,0,predictions_XAUUSD_Minute15_20210219.csv
8,8,1.0,0.375,0.375,0.6,8,0,0,3,1,0,predictions_XAUUSD_Minute15_20210221.csv
184,180,0.978261,0.277174,0.277778,0.384615,180,0,0,50,40,0,predictions_XAUUSD_Minute15_20210222.csv
184,172,0.934783,0.23913,0.244186,0.323077,172,0,0,42,44,0,predictions_XAUUSD_Minute15_20210223.csv
184,164,0.891304,0.266304,0.25,0.333333,164,0,0,41,41,0,predictions_XAUUSD_Minute15_20210224.csv
184,157,0.853261,0.255435,0.254777,0.34188,135,22,0,37,42,0,predictions_XAUUSD_Minute15_20210225.csv
176,165,0.9375,0.255682,0.248485,0.330645,145,20,0,45,37,0,predictions_XAUUSD_Minute15_20210226.csv
8,8,1.0,0.375,0.375,0.6,8,0,0,3,1,0,predictions_XAUUSD_Minute15_20210228.csv
184,184,1.0,0.211957,0.211957,0.268966,184,0,0,39,53,0,predictions_XAUUSD_Minute15_20210301.csv
184,184,1.0,0.309783,0.309783,0.448819,184,0,0,57,34,0,predictions_XAUUSD_Minute15_20210302.csv
184,164,0.891304,0.228261,0.243902,0.322581,162,2,0,39,43,0,predictions_XAUUSD_Minute15_20210303.csv
174,145,0.833333,0.229885,0.234483,0.306306,145,0,0,34,39,0,predictions_XAUUSD_Minute15_20210304.csv
176,155,0.880682,0.261364,0.251613,0.336207,145,10,0,38,39,0,predictions_XAUUSD_Minute15_20210305.csv
8,8,1.0,0.375,0.375,0.6,8,0,0,3,1,0,predictions_XAUUSD_Minute15_20210307.csv
184,176,0.956522,0.222826,0.221591,0.284672,176,0,0,39,49,0,predictions_XAUUSD_Minute15_20210308.csv
184,182,0.98913,0.244565,0.241758,0.318841,182,0,0,44,46,0,predictions_XAUUSD_Minute15_20210309.csv
184,184,1.0,0.266304,0.266304,0.362963,184,0,0,49,42,0,predictions_XAUUSD_Minute15_20210310.csv
184,184,1.0,0.25,0.25,0.333333,184,0,0,46,45,0,predictions_XAUUSD_Minute15_20210311.csv
176,176,1.0,0.267045,0.267045,0.364341,176,0,0,47,39,0,predictions_XAUUSD_Minute15_20210312.csv
16,16,1.0,0.1875,0.1875,0.230769,16,0,0,3,5,0,predictions_XAUUSD_Minute15_20210314.csv
184,184,1.0,0.255435,0.255435,0.343066,184,0,0,47,45,0,predictions_XAUUSD_Minute15_20210315.csv
184,184,1.0,0.255435,0.255435,0.343066,184,0,0,47,45,0,predictions_XAUUSD_Minute15_20210316.csv
184,184,1.0,0.23913,0.23913,0.314286,184,0,0,44,48,0,predictions_XAUUSD_Minute15_20210317.csv
184,184,1.0,0.244565,0.244565,0.323741,184,0,0,45,47,0,predictions_XAUUSD_Minute15_20210318.csv
168,168,1.0,0.255952,0.255952,0.344,168,0,0,43,40,0,predictions_XAUUSD_Minute15_20210319.csv
16,16,1.0,0.125,0.125,0.142857,16,0,0,2,6,0,predictions_XAUUSD_Minute15_20210321.csv
184,184,1.0,0.23913,0.23913,0.314286,184,0,0,44,48,0,predictions_XAUUSD_Minute15_20210322.csv
184,184,1.0,0.25,0.25,0.333333,184,0,0,46,45,0,predictions_XAUUSD_Minute15_20210323.csv
184,184,1.0,0.266304,0.266304,0.362963,184,0,0,49,43,0,predictions_XAUUSD_Minute15_20210324.csv
184,184,1.0,0.23913,0.23913,0.314286,184,0,0,44,47,0,predictions_XAUUSD_Minute15_20210325.csv
168,168,1.0,0.22619,0.22619,0.292308,168,0,0,38,45,0,predictions_XAUUSD_Minute15_20210326.csv
16,16,1.0,0.1875,0.1875,0.230769,16,0,0,3,4,0,predictions_XAUUSD_Minute15_20210328.csv
184,184,1.0,0.233696,0.233696,0.304965,184,0,0,43,48,0,predictions_XAUUSD_Minute15_20210329.csv
184,184,1.0,0.211957,0.211957,0.268966,184,0,0,39,52,0,predictions_XAUUSD_Minute15_20210330.csv
184,184,1.0,0.26087,0.26087,0.352941,184,0,0,48,44,0,predictions_XAUUSD_Minute15_20210331.csv
168,168,1.0,0.255952,0.255952,0.344,168,0,0,43,40,0,predictions_XAUUSD_Minute15_20210401.csv
16,16,1.0,0.25,0.25,0.333333,16,0,0,4,4,0,predictions_XAUUSD_Minute15_20210404.csv
184,184,1.0,0.266304,0.266304,0.362963,184,0,0,49,43,0,predictions_XAUUSD_Minute15_20210405.csv
184,184,1.0,0.277174,0.277174,0.383459,184,0,0,51,41,0,predictions_XAUUSD_Minute15_20210406.csv
184,184,1.0,0.244565,0.244565,0.323741,184,0,0,45,47,0,predictions_XAUUSD_Minute15_20210407.csv
184,184,1.0,0.271739,0.271739,0.373134,184,0,0,50,42,0,predictions_XAUUSD_Minute15_20210408.csv
168,168,1.0,0.232143,0.232143,0.302326,168,0,0,39,45,0,predictions_XAUUSD_Minute15_20210409.csv
16,16,1.0,0.1875,0.1875,0.230769,16,0,0,3,5,0,predictions_XAUUSD_Minute15_20210411.csv
184,184,1.0,0.244565,0.244565,0.323741,184,0,0,45,47,0,predictions_XAUUSD_Minute15_20210412.csv
184,184,1.0,0.266304,0.266304,0.362963,184,0,0,49,43,0,predictions_XAUUSD_Minute15_20210413.csv
184,184,1.0,0.23913,0.23913,0.314286,184,0,0,44,48,0,predictions_XAUUSD_Minute15_20210414.csv
184,184,1.0,0.293478,0.293478,0.415385,184,0,0,54,38,0,predictions_XAUUSD_Minute15_20210415.csv
168,168,1.0,0.267857,0.267857,0.365854,168,0,0,45,39,0,predictions_XAUUSD_Minute15_20210416.csv
16,16,1.0,0.3125,0.3125,0.454545,16,0,0,5,3,0,predictions_XAUUSD_Minute15_20210418.csv
184,184,1.0,0.244565,0.244565,0.323741,184,0,0,45,46,0,predictions_XAUUSD_Minute15_20210419.csv
184,184,1.0,0.25,0.25,0.333333,184,0,0,46,45,0,predictions_XAUUSD_Minute15_20210420.csv
184,184,1.0,0.277174,0.277174,0.383459,184,0,0,51,40,0,predictions_XAUUSD_Minute15_20210421.csv
184,184,1.0,0.222826,0.222826,0.286713,184,0,0,41,51,0,predictions_XAUUSD_Minute15_20210422.csv
168,168,1.0,0.255952,0.255952,0.344,168,0,0,43,41,0,predictions_XAUUSD_Minute15_20210423.csv
16,16,1.0,0.1875,0.1875,0.230769,16,0,0,3,5,0,predictions_XAUUSD_Minute15_20210425.csv
184,184,1.0,0.23913,0.23913,0.314286,184,0,0,44,48,0,predictions_XAUUSD_Minute15_20210426.csv
184,184,1.0,0.228261,0.228261,0.295775,184,0,0,42,50,0,predictions_XAUUSD_Minute15_20210427.csv
184,184,1.0,0.25,0.25,0.333333,184,0,0,46,46,0,predictions_XAUUSD_Minute15_20210428.csv
184,184,1.0,0.26087,0.26087,0.352941,184,0,0,48,44,0,predictions_XAUUSD_Minute15_20210429.csv
168,168,1.0,0.244048,0.244048,0.322835,168,0,0,41,43,0,predictions_XAUUSD_Minute15_20210430.csv
16,16,1.0,0.25,0.25,0.333333,16,0,0,4,4,0,predictions_XAUUSD_Minute15_20210502.csv
184,184,1.0,0.309783,0.309783,0.448819,184,0,0,57,35,0,predictions_XAUUSD_Minute15_20210503.csv
184,184,1.0,0.26087,0.26087,0.352941,184,0,0,48,44,0,predictions_XAUUSD_Minute15_20210504.csv
184,184,1.0,0.266304,0.266304,0.362963,184,0,0,49,43,0,predictions_XAUUSD_Minute15_20210505.csv
184,184,1.0,0.255435,0.255435,0.343066,184,0,0,47,45,0,predictions_XAUUSD_Minute15_20210506.csv
168,160,0.952381,0.255952,0.25625,0.344538,160,0,0,41,39,0,predictions_XAUUSD_Minute15_20210507.csv
16,16,1.0,0.4375,0.4375,0.777778,16,0,0,7,1,0,predictions_XAUUSD_Minute15_20210509.csv
184,184,1.0,0.255435,0.255435,0.343066,184,0,0,47,45,0,predictions_XAUUSD_Minute15_20210510.csv
184,184,1.0,0.26087,0.26087,0.352941,184,0,0,48,43,0,predictions_XAUUSD_Minute15_20210511.csv
184,178,0.967391,0.222826,0.224719,0.289855,178,0,0,40,49,0,predictions_XAUUSD_Minute15_20210512.csv
184,184,1.0,0.26087,0.26087,0.352941,184,0,0,48,44,0,predictions_XAUUSD_Minute15_20210513.csv
168,168,1.0,0.291667,0.291667,0.411765,168,0,0,49,35,0,predictions_XAUUSD_Minute15_20210514.csv
16,16,1.0,0.25,0.25,0.333333,16,0,0,4,4,0,predictions_XAUUSD_Minute15_20210516.csv
184,184,1.0,0.266304,0.266304,0.362963,184,0,0,49,43,0,predictions_XAUUSD_Minute15_20210517.csv
184,184,1.0,0.26087,0.26087,0.352941,184,0,0,48,44,0,predictions_XAUUSD_Minute15_20210518.csv
184,184,1.0,0.190217,0.190217,0.234899,184,0,0,35,57,0,predictions_XAUUSD_Minute15_20210519.csv
184,184,1.0,0.271739,0.271739,0.373134,184,0,0,50,42,0,predictions_XAUUSD_Minute15_20210520.csv
168,168,1.0,0.297619,0.297619,0.423729,168,0,0,50,34,0,predictions_XAUUSD_Minute15_20210521.csv
16,16,1.0,0.25,0.25,0.333333,16,0,0,4,4,0,predictions_XAUUSD_Minute15_20210523.csv
184,184,1.0,0.206522,0.206522,0.260274,184,0,0,38,54,0,predictions_XAUUSD_Minute15_20210524.csv
182,182,1.0,0.252747,0.252747,0.338235,182,0,0,46,45,0,predictions_XAUUSD_Minute15_20210525.csv
184,184,1.0,0.255435,0.255435,0.343066,184,0,0,47,45,0,predictions_XAUUSD_Minute15_20210526.csv
184,184,1.0,0.25,0.25,0.333333,184,0,0,46,46,0,predictions_XAUUSD_Minute15_20210527.csv
168,168,1.0,0.267857,0.267857,0.365854,168,0,0,45,38,0,predictions_XAUUSD_Minute15_20210528.csv
16,16,1.0,0.25,0.25,0.333333,16,0,0,4,4,0,predictions_XAUUSD_Minute15_20210530.csv
152,152,1.0,0.25,0.25,0.333333,152,0,0,38,38,0,predictions_XAUUSD_Minute15_20210531.csv
184,184,1.0,0.222826,0.222826,0.286713,184,0,0,41,51,0,predictions_XAUUSD_Minute15_20210601.csv
184,184,1.0,0.282609,0.282609,0.393939,184,0,0,52,39,0,predictions_XAUUSD_Minute15_20210602.csv
184,184,1.0,0.222826,0.222826,0.286713,184,0,0,41,51,0,predictions_XAUUSD_Minute15_20210603.csv
168,168,1.0,0.27381,0.27381,0.377049,168,0,0,46,37,0,predictions_XAUUSD_Minute15_20210604.csv
16,16,1.0,0.1875,0.1875,0.230769,16,0,0,3,5,0,predictions_XAUUSD_Minute15_20210606.csv
184,184,1.0,0.282609,0.282609,0.393939,184,0,0,52,39,0,predictions_XAUUSD_Minute15_20210607.csv
184,184,1.0,0.25,0.25,0.333333,184,0,0,46,46,0,predictions_XAUUSD_Minute15_20210608.csv
184,184,1.0,0.211957,0.211957,0.268966,184,0,0,39,52,0,predictions_XAUUSD_Minute15_20210609.csv
184,184,1.0,0.271739,0.271739,0.373134,184,0,0,50,42,0,predictions_XAUUSD_Minute15_20210610.csv
168,168,1.0,0.232143,0.232143,0.302326,168,0,0,39,45,0,predictions_XAUUSD_Minute15_20210611.csv
16,16,1.0,0.1875,0.1875,0.230769,16,0,0,3,5,0,predictions_XAUUSD_Minute15_20210613.csv
184,184,1.0,0.233696,0.233696,0.304965,184,0,0,43,49,0,predictions_XAUUSD_Minute15_20210614.csv
184,184,1.0,0.233696,0.233696,0.304965,184,0,0,43,49,0,predictions_XAUUSD_Minute15_20210615.csv
184,184,1.0,0.26087,0.26087,0.352941,184,0,0,48,44,0,predictions_XAUUSD_Minute15_20210616.csv
184,180,0.978261,0.228261,0.227778,0.294964,180,0,0,41,49,0,predictions_XAUUSD_Minute15_20210617.csv
168,160,0.952381,0.27381,0.28125,0.391304,160,0,0,45,35,0,predictions_XAUUSD_Minute15_20210618.csv
16,16,1.0,0.25,0.25,0.333333,16,0,0,4,4,0,predictions_XAUUSD_Minute15_20210620.csv
184,184,1.0,0.26087,0.26087,0.352941,184,0,0,48,43,0,predictions_XAUUSD_Minute15_20210621.csv
184,184,1.0,0.244565,0.244565,0.323741,184,0,0,45,46,0,predictions_XAUUSD_Minute15_20210622.csv
184,184,1.0,0.206522,0.206522,0.260274,184,0,0,38,54,0,predictions_XAUUSD_Minute15_20210623.csv
184,184,1.0,0.211957,0.211957,0.268966,184,0,0,39,52,0,predictions_XAUUSD_Minute15_20210624.csv
168,168,1.0,0.25,0.25,0.333333,168,0,0,42,42,0,predictions_XAUUSD_Minute15_20210625.csv
16,16,1.0,0.25,0.25,0.333333,16,0,0,4,4,0,predictions_XAUUSD_Minute15_20210627.csv
184,184,1.0,0.244565,0.244565,0.323741,184,0,0,45,47,0,predictions_XAUUSD_Minute15_20210628.csv
184,184,1.0,0.222826,0.222826,0.286713,184,0,0,41,50,0,predictions_XAUUSD_Minute15_20210629.csv
184,184,1.0,0.23913,0.23913,0.314286,184,0,0,44,48,0,predictions_XAUUSD_Minute15_20210630.csv
184,184,1.0,0.26087,0.26087,0.352941,184,0,0,48,44,0,predictions_XAUUSD_Minute15_20210701.csv
168,168,1.0,0.27381,0.27381,0.377049,168,0,0,46,38,0,predictions_XAUUSD_Minute15_20210702.csv
16,16,1.0,0.0625,0.0625,0.066667,16,0,0,1,7,0,predictions_XAUUSD_Minute15_20210704.csv
152,152,1.0,0.263158,0.263158,0.357143,152,0,0,40,35,0,predictions_XAUUSD_Minute15_20210705.csv
184,184,1.0,0.293478,0.293478,0.415385,184,0,0,54,38,0,predictions_XAUUSD_Minute15_20210706.csv
184,184,1.0,0.25,0.25,0.333333,184,0,0,46,46,0,predictions_XAUUSD_Minute15_20210707.csv
184,184,1.0,0.25,0.25,0.333333,184,0,0,46,46,0,predictions_XAUUSD_Minute15_20210708.csv
168,168,1.0,0.244048,0.244048,0.322835,168,0,0,41,43,0,predictions_XAUUSD_Minute15_20210709.csv
16,16,1.0,0.1875,0.1875,0.230769,16,0,0,3,5,0,predictions_XAUUSD_Minute15_20210711.csv
184,184,1.0,0.25,0.25,0.333333,184,0,0,46,46,0,predictions_XAUUSD_Minute15_20210712.csv
184,184,1.0,0.222826,0.222826,0.286713,184,0,0,41,51,0,predictions_XAUUSD_Minute15_20210713.csv
184,184,1.0,0.293478,0.293478,0.415385,184,0,0,54,38,0,predictions_XAUUSD_Minute15_20210714.csv
184,184,1.0,0.293478,0.293478,0.415385,184,0,0,54,38,0,predictions_XAUUSD_Minute15_20210715.csv
168,168,1.0,0.184524,0.184524,0.226277,168,0,0,31,52,0,predictions_XAUUSD_Minute15_20210716.csv
16,16,1.0,0.3125,0.3125,0.454545,16,0,0,5,3,0,predictions_XAUUSD_Minute15_20210718.csv
184,184,1.0,0.211957,0.211957,0.268966,184,0,0,39,53,0,predictions_XAUUSD_Minute15_20210719.csv
184,184,1.0,0.255435,0.255435,0.343066,184,0,0,47,44,0,predictions_XAUUSD_Minute15_20210720.csv
184,184,1.0,0.228261,0.228261,0.295775,184,0,0,42,50,0,predictions_XAUUSD_Minute15_20210721.csv
184,184,1.0,0.233696,0.233696,0.304965,184,0,0,43,49,0,predictions_XAUUSD_Minute15_20210722.csv
168,168,1.0,0.238095,0.238095,0.3125,168,0,0,40,43,0,predictions_XAUUSD_Minute15_20210723.csv
16,16,1.0,0.1875,0.1875,0.230769,16,0,0,3,5,0,predictions_XAUUSD_Minute15_20210725.csv
184,184,1.0,0.25,0.25,0.333333,184,0,0,46,46,0,predictions_XAUUSD_Minute15_20210726.csv
184,184,1.0,0.23913,0.23913,0.314286,184,0,0,44,48,0,predictions_XAUUSD_Minute15_20210727.csv
184,184,1.0,0.25,0.25,0.333333,184,0,0,46,46,0,predictions_XAUUSD_Minute15_20210728.csv
184,184,1.0,0.271739,0.271739,0.373134,184,0,0,50,42,0,predictions_XAUUSD_Minute15_20210729.csv
168,168,1.0,0.255952,0.255952,0.344,168,0,0,43,41,0,predictions_XAUUSD_Minute15_20210730.csv
16,16,1.0,0.1875,0.1875,0.230769,16,0,0,3,5,0,predictions_XAUUSD_Minute15_20210801.csv
184,184,1.0,0.25,0.25,0.333333,184,0,0,46,46,0,predictions_XAUUSD_Minute15_20210802.csv
184,184,1.0,0.26087,0.26087,0.352941,184,0,0,48,44,0,predictions_XAUUSD_Minute15_20210803.csv
184,184,1.0,0.266304,0.266304,0.362963,184,0,0,49,43,0,predictions_XAUUSD_Minute15_20210804.csv
184,184,1.0,0.222826,0.222826,0.286713,184,0,0,41,50,0,predictions_XAUUSD_Minute15_20210805.csv
168,168,1.0,0.214286,0.214286,0.272727,168,0,0,36,48,0,predictions_XAUUSD_Minute15_20210806.csv
16,16,1.0,0.1875,0.1875,0.230769,16,0,0,3,5,0,predictions_XAUUSD_Minute15_20210808.csv
184,184,1.0,0.277174,0.277174,0.383459,184,0,0,51,41,0,predictions_XAUUSD_Minute15_20210809.csv
184,184,1.0,0.211957,0.211957,0.268966,184,0,0,39,52,0,predictions_XAUUSD_Minute15_20210810.csv
184,184,1.0,0.288043,0.288043,0.40458,184,0,0,53,38,0,predictions_XAUUSD_Minute15_20210811.csv
184,184,1.0,0.26087,0.26087,0.352941,184,0,0,48,43,0,predictions_XAUUSD_Minute15_20210812.csv
168,168,1.0,0.267857,0.267857,0.365854,168,0,0,45,38,0,predictions_XAUUSD_Minute15_20210813.csv
16,16,1.0,0.3125,0.3125,0.454545,16,0,0,5,3,0,predictions_XAUUSD_Minute15_20210815.csv
184,184,1.0,0.211957,0.211957,0.268966,184,0,0,39,50,0,predictions_XAUUSD_Minute15_20210816.csv
184,184,1.0,0.217391,0.217391,0.277778,184,0,0,40,51,0,predictions_XAUUSD_Minute15_20210817.csv
184,184,1.0,0.255435,0.255435,0.343066,184,0,0,47,45,0,predictions_XAUUSD_Minute15_20210818.csv
184,184,1.0,0.23913,0.23913,0.314286,184,0,0,44,48,0,predictions_XAUUSD_Minute15_20210819.csv
168,168,1.0,0.261905,0.261905,0.354839,168,0,0,44,40,0,predictions_XAUUSD_Minute15_20210820.csv
16,16,1.0,0.1875,0.1875,0.230769,16,0,0,3,5,0,predictions_XAUUSD_Minute15_20210822.csv
184,184,1.0,0.271739,0.271739,0.373134,184,0,0,50,41,0,predictions_XAUUSD_Minute15_20210823.csv
184,184,1.0,0.228261,0.228261,0.295775,184,0,0,42,48,0,predictions_XAUUSD_Minute15_20210824.csv
184,184,1.0,0.233696,0.233696,0.304965,184,0,0,43,49,0,predictions_XAUUSD_Minute15_20210825.csv
184,184,1.0,0.244565,0.244565,0.323741,184,0,0,45,47,0,predictions_XAUUSD_Minute15_20210826.csv
168,168,1.0,0.27381,0.27381,0.377049,168,0,0,46,38,0,predictions_XAUUSD_Minute15_20210827.csv
16,16,1.0,0.1875,0.1875,0.230769,16,0,0,3,5,0,predictions_XAUUSD_Minute15_20210829.csv
184,184,1.0,0.217391,0.217391,0.277778,184,0,0,40,52,0,predictions_XAUUSD_Minute15_20210830.csv
184,184,1.0,0.271739,0.271739,0.373134,184,0,0,50,42,0,predictions_XAUUSD_Minute15_20210831.csv
184,184,1.0,0.25,0.25,0.333333,184,0,0,46,46,0,predictions_XAUUSD_Minute15_20210901.csv
184,184,1.0,0.23913,0.23913,0.314286,184,0,0,44,48,0,predictions_XAUUSD_Minute15_20210902.csv
168,168,1.0,0.267857,0.267857,0.365854,168,0,0,45,38,0,predictions_XAUUSD_Minute15_20210903.csv
16,16,1.0,0.1875,0.1875,0.230769,16,0,0,3,5,0,predictions_XAUUSD_Minute15_20210905.csv
152,152,1.0,0.243421,0.243421,0.321739,152,0,0,37,39,0,predictions_XAUUSD_Minute15_20210906.csv
184,184,1.0,0.211957,0.211957,0.268966,184,0,0,39,52,0,predictions_XAUUSD_Minute15_20210907.csv
184,184,1.0,0.255435,0.255435,0.343066,184,0,0,47,44,0,predictions_XAUUSD_Minute15_20210908.csv
184,184,1.0,0.271739,0.271739,0.373134,184,0,0,50,42,0,predictions_XAUUSD_Minute15_20210909.csv
168,168,1.0,0.220238,0.220238,0.282443,168,0,0,37,46,0,predictions_XAUUSD_Minute15_20210910.csv
16,16,1.0,0.125,0.125,0.142857,16,0,0,2,6,0,predictions_XAUUSD_Minute15_20210912.csv
184,184,1.0,0.233696,0.233696,0.304965,184,0,0,43,47,0,predictions_XAUUSD_Minute15_20210913.csv
184,184,1.0,0.233696,0.233696,0.304965,184,0,0,43,49,0,predictions_XAUUSD_Minute15_20210914.csv
184,184,1.0,0.23913,0.23913,0.314286,184,0,0,44,47,0,predictions_XAUUSD_Minute15_20210915.csv
184,184,1.0,0.184783,0.184783,0.226667,184,0,0,34,58,0,predictions_XAUUSD_Minute15_20210916.csv
168,168,1.0,0.279762,0.279762,0.38843,168,0,0,47,37,0,predictions_XAUUSD_Minute15_20210917.csv
16,16,1.0,0.3125,0.3125,0.454545,16,0,0,5,3,0,predictions_XAUUSD_Minute15_20210919.csv
184,184,1.0,0.255435,0.255435,0.343066,184,0,0,47,44,0,predictions_XAUUSD_Minute15_20210920.csv
184,184,1.0,0.255435,0.255435,0.343066,184,0,0,47,45,0,predictions_XAUUSD_Minute15_20210921.csv
184,184,1.0,0.26087,0.26087,0.352941,184,0,0,48,44,0,predictions_XAUUSD_Minute15_20210922.csv
184,184,1.0,0.255435,0.255435,0.343066,184,0,0,47,45,0,predictions_XAUUSD_Minute15_20210923.csv
168,168,1.0,0.279762,0.279762,0.38843,168,0,0,47,36,0,predictions_XAUUSD_Minute15_20210924.csv
16,16,1.0,0.25,0.25,0.333333,16,0,0,4,4,0,predictions_XAUUSD_Minute15_20210926.csv
184,184,1.0,0.266304,0.266304,0.362963,184,0,0,49,43,0,predictions_XAUUSD_Minute15_20210927.csv
184,184,1.0,0.233696,0.233696,0.304965,184,0,0,43,49,0,predictions_XAUUSD_Minute15_20210928.csv
184,184,1.0,0.271739,0.271739,0.373134,184,0,0,50,41,0,predictions_XAUUSD_Minute15_20210929.csv
184,184,1.0,0.26087,0.26087,0.352941,184,0,0,48,44,0,predictions_XAUUSD_Minute15_20210930.csv
168,168,1.0,0.25,0.25,0.333333,168,0,0,42,41,0,predictions_XAUUSD_Minute15_20211001.csv
16,16,1.0,0.25,0.25,0.333333,16,0,0,4,4,0,predictions_XAUUSD_Minute15_20211003.csv
184,184,1.0,0.211957,0.211957,0.268966,184,0,0,39,52,0,predictions_XAUUSD_Minute15_20211004.csv
184,184,1.0,0.23913,0.23913,0.314286,184,0,0,44,47,0,predictions_XAUUSD_Minute15_20211005.csv
184,184,1.0,0.255435,0.255435,0.343066,184,0,0,47,45,0,predictions_XAUUSD_Minute15_20211006.csv
184,184,1.0,0.195652,0.195652,0.243243,184,0,0,36,56,0,predictions_XAUUSD_Minute15_20211007.csv
168,168,1.0,0.238095,0.238095,0.3125,168,0,0,40,44,0,predictions_XAUUSD_Minute15_20211008.csv
16,16,1.0,0.25,0.25,0.333333,16,0,0,4,4,0,predictions_XAUUSD_Minute15_20211010.csv
184,184,1.0,0.23913,0.23913,0.314286,184,0,0,44,46,0,predictions_XAUUSD_Minute15_20211011.csv
184,184,1.0,0.25,0.25,0.333333,184,0,0,46,45,0,predictions_XAUUSD_Minute15_20211012.csv
184,184,1.0,0.255435,0.255435,0.343066,184,0,0,47,43,0,predictions_XAUUSD_Minute15_20211013.csv
184,184,1.0,0.266304,0.266304,0.362963,184,0,0,49,41,0,predictions_XAUUSD_Minute15_20211014.csv
168,168,1.0,0.184524,0.184524,0.226277,168,0,0,31,53,0,predictions_XAUUSD_Minute15_20211015.csv
16,16,1.0,0.25,0.25,0.333333,16,0,0,4,4,0,predictions_XAUUSD_Minute15_20211017.csv
184,184,1.0,0.233696,0.233696,0.304965,184,0,0,43,49,0,predictions_XAUUSD_Minute15_20211018.csv
184,184,1.0,0.277174,0.277174,0.383459,184,0,0,51,41,0,predictions_XAUUSD_Minute15_20211019.csv
184,184,1.0,0.271739,0.271739,0.373134,184,0,0,50,41,0,predictions_XAUUSD_Minute15_20211020.csv
184,184,1.0,0.277174,0.277174,0.383459,184,0,0,51,41,0,predictions_XAUUSD_Minute15_20211021.csv
168,168,1.0,0.261905,0.261905,0.354839,168,0,0,44,40,0,predictions_XAUUSD_Minute15_20211022.csv
16,16,1.0,0.25,0.25,0.333333,16,0,0,4,4,0,predictions_XAUUSD_Minute15_20211024.csv
184,184,1.0,0.298913,0.298913,0.426357,184,0,0,55,36,0,predictions_XAUUSD_Minute15_20211025.csv
184,184,1.0,0.233696,0.233696,0.304965,184,0,0,43,49,0,predictions_XAUUSD_Minute15_20211026.csv
184,184,1.0,0.25,0.25,0.333333,184,0,0,46,46,0,predictions_XAUUSD_Minute15_20211027.csv
184,184,1.0,0.26087,0.26087,0.352941,184,0,0,48,44,0,predictions_XAUUSD_Minute15_20211028.csv
168,168,1.0,0.214286,0.214286,0.272727,168,0,0,36,47,0,predictions_XAUUSD_Minute15_20211029.csv
16,16,1.0,0.0625,0.0625,0.066667,16,0,0,1,7,0,predictions_XAUUSD_Minute15_20211031.csv
184,184,1.0,0.271739,0.271739,0.373134,184,0,0,50,41,0,predictions_XAUUSD_Minute15_20211101.csv
184,184,1.0,0.244565,0.244565,0.323741,184,0,0,45,47,0,predictions_XAUUSD_Minute15_20211102.csv
184,184,1.0,0.23913,0.23913,0.314286,184,0,0,44,47,0,predictions_XAUUSD_Minute15_20211103.csv
184,184,1.0,0.304348,0.304348,0.4375,184,0,0,56,36,0,predictions_XAUUSD_Minute15_20211104.csv
168,168,1.0,0.291667,0.291667,0.411765,168,0,0,49,35,0,predictions_XAUUSD_Minute15_20211105.csv
8,8,1.0,0.25,0.25,0.333333,8,0,0,2,2,0,predictions_XAUUSD_Minute15_20211107.csv
184,184,1.0,0.222826,0.222826,0.286713,184,0,0,41,51,0,predictions_XAUUSD_Minute15_20211108.csv
184,184,1.0,0.304348,0.304348,0.4375,184,0,0,56,36,0,predictions_XAUUSD_Minute15_20211109.csv
184,174,0.945652,0.233696,0.241379,0.318182,174,0,0,42,45,0,predictions_XAUUSD_Minute15_20211110.csv
184,184,1.0,0.25,0.25,0.333333,184,0,0,46,46,0,predictions_XAUUSD_Minute15_20211111.csv
176,176,1.0,0.244318,0.244318,0.323308,176,0,0,43,44,0,predictions_XAUUSD_Minute15_20211112.csv
8,8,1.0,0.25,0.25,0.333333,8,0,0,2,2,0,predictions_XAUUSD_Minute15_20211114.csv
184,184,1.0,0.244565,0.244565,0.323741,184,0,0,45,47,0,predictions_XAUUSD_Minute15_20211115.csv
184,184,1.0,0.23913,0.23913,0.314286,184,0,0,44,48,0,predictions_XAUUSD_Minute15_20211116.csv
184,184,1.0,0.309783,0.309783,0.448819,184,0,0,57,34,0,predictions_XAUUSD_Minute15_20211117.csv
184,184,1.0,0.233696,0.233696,0.304965,184,0,0,43,49,0,predictions_XAUUSD_Minute15_20211118.csv
176,176,1.0,0.221591,0.221591,0.284672,176,0,0,39,47,0,predictions_XAUUSD_Minute15_20211119.csv
8,8,1.0,0.25,0.25,0.333333,8,0,0,2,2,0,predictions_XAUUSD_Minute15_20211121.csv
184,184,1.0,0.206522,0.206522,0.260274,184,0,0,38,54,0,predictions_XAUUSD_Minute15_20211122.csv
184,184,1.0,0.217391,0.217391,0.277778,184,0,0,40,52,0,predictions_XAUUSD_Minute15_20211123.csv
184,184,1.0,0.266304,0.266304,0.362963,184,0,0,49,43,0,predictions_XAUUSD_Minute15_20211124.csv
152,152,1.0,0.269737,0.269737,0.369369,152,0,0,41,35,0,predictions_XAUUSD_Minute15_20211125.csv
150,150,1.0,0.28,0.28,0.388889,150,0,0,42,33,0,predictions_XAUUSD_Minute15_20211126.csv
8,8,1.0,0.375,0.375,0.6,8,0,0,3,1,0,predictions_XAUUSD_Minute15_20211128.csv
184,184,1.0,0.244565,0.244565,0.323741,184,0,0,45,47,0,predictions_XAUUSD_Minute15_20211129.csv
184,176,0.956522,0.233696,0.232955,0.303704,176,0,0,41,47,0,predictions_XAUUSD_Minute15_20211130.csv
184,184,1.0,0.266304,0.266304,0.362963,184,0,0,49,43,0,predictions_XAUUSD_Minute15_20211201.csv
184,184,1.0,0.244565,0.244565,0.323741,184,0,0,45,47,0,predictions_XAUUSD_Minute15_20211202.csv
176,176,1.0,0.278409,0.278409,0.385827,176,0,0,49,39,0,predictions_XAUUSD_Minute15_20211203.csv
8,8,1.0,0.0,0.0,0.0,8,0,0,0,4,0,predictions_XAUUSD_Minute15_20211205.csv
184,184,1.0,0.271739,0.271739,0.373134,184,0,0,50,39,0,predictions_XAUUSD_Minute15_20211206.csv
184,184,1.0,0.266304,0.266304,0.362963,184,0,0,49,43,0,predictions_XAUUSD_Minute15_20211207.csv
184,184,1.0,0.26087,0.26087,0.352941,184,0,0,48,44,0,predictions_XAUUSD_Minute15_20211208.csv
184,184,1.0,0.23913,0.23913,0.314286,184,0,0,44,48,0,predictions_XAUUSD_Minute15_20211209.csv
176,176,1.0,0.267045,0.267045,0.364341,176,0,0,47,41,0,predictions_XAUUSD_Minute15_20211210.csv
8,8,1.0,0.25,0.25,0.333333,8,0,0,2,2,0,predictions_XAUUSD_Minute15_20211212.csv
184,184,1.0,0.26087,0.26087,0.352941,184,0,0,48,44,0,predictions_XAUUSD_Minute15_20211213.csv
184,184,1.0,0.233696,0.233696,0.304965,184,0,0,43,47,0,predictions_XAUUSD_Minute15_20211214.csv
184,184,1.0,0.255435,0.255435,0.343066,184,0,0,47,45,0,predictions_XAUUSD_Minute15_20211215.csv
184,184,1.0,0.298913,0.298913,0.426357,184,0,0,55,37,0,predictions_XAUUSD_Minute15_20211216.csv
176,176,1.0,0.278409,0.278409,0.385827,176,0,0,49,39,0,predictions_XAUUSD_Minute15_20211217.csv
8,8,1.0,0.375,0.375,0.6,8,0,0,3,1,0,predictions_XAUUSD_Minute15_20211219.csv
184,184,1.0,0.217391,0.217391,0.277778,184,0,0,40,51,0,predictions_XAUUSD_Minute15_20211220.csv
184,184,1.0,0.255435,0.255435,0.343066,184,0,0,47,45,0,predictions_XAUUSD_Minute15_20211221.csv
184,184,1.0,0.271739,0.271739,0.373134,184,0,0,50,41,0,predictions_XAUUSD_Minute15_20211222.csv
176,176,1.0,0.272727,0.272727,0.375,176,0,0,48,39,0,predictions_XAUUSD_Minute15_20211223.csv
8,8,1.0,0.125,0.125,0.142857,8,0,0,1,3,0,predictions_XAUUSD_Minute15_20211226.csv
184,184,1.0,0.244565,0.244565,0.323741,184,0,0,45,46,0,predictions_XAUUSD_Minute15_20211227.csv
184,184,1.0,0.255435,0.255435,0.343066,184,0,0,47,45,0,predictions_XAUUSD_Minute15_20211228.csv
184,184,1.0,0.228261,0.228261,0.295775,184,0,0,42,49,0,predictions_XAUUSD_Minute15_20211229.csv
184,184,1.0,0.25,0.25,0.333333,184,0,0,46,46,0,predictions_XAUUSD_Minute15_20211230.csv
152,152,1.0,0.269737,0.269737,0.369369,152,0,0,41,34,0,predictions_XAUUSD_Minute15_20211231.csv
8,8,1.0,0.25,0.25,0.333333,8,0,0,2,2,0,predictions_XAUUSD_Minute15_20220102.csv
184,184,1.0,0.222826,0.222826,0.286713,184,0,0,41,50,0,predictions_XAUUSD_Minute15_20220103.csv
184,184,1.0,0.26087,0.26087,0.352941,184,0,0,48,43,0,predictions_XAUUSD_Minute15_20220104.csv
184,184,1.0,0.266304,0.266304,0.362963,184,0,0,49,43,0,predictions_XAUUSD_Minute15_20220105.csv
184,184,1.0,0.179348,0.179348,0.218543,184,0,0,33,59,0,predictions_XAUUSD_Minute15_20220106.csv
176,176,1.0,0.278409,0.278409,0.385827,176,0,0,49,39,0,predictions_XAUUSD_Minute15_20220107.csv
8,8,1.0,0.125,0.125,0.142857,8,0,0,1,3,0,predictions_XAUUSD_Minute15_20220109.csv
184,184,1.0,0.277174,0.277174,0.383459,184,0,0,51,41,0,predictions_XAUUSD_Minute15_20220110.csv
184,184,1.0,0.271739,0.271739,0.373134,184,0,0,50,41,0,predictions_XAUUSD_Minute15_20220111.csv
184,184,1.0,0.244565,0.244565,0.323741,184,0,0,45,47,0,predictions_XAUUSD_Minute15_20220112.csv
184,184,1.0,0.26087,0.26087,0.352941,184,0,0,48,43,0,predictions_XAUUSD_Minute15_20220113.csv
176,176,1.0,0.25,0.25,0.333333,176,0,0,44,44,0,predictions_XAUUSD_Minute15_20220114.csv
8,8,1.0,0.25,0.25,0.333333,8,0,0,2,2,0,predictions_XAUUSD_Minute15_20220116.csv
164,164,1.0,0.262195,0.262195,0.355372,164,0,0,43,38,0,predictions_XAUUSD_Minute15_20220117.csv
184,184,1.0,0.277174,0.277174,0.383459,184,0,0,51,41,0,predictions_XAUUSD_Minute15_20220118.csv
184,184,1.0,0.282609,0.282609,0.393939,184,0,0,52,38,0,predictions_XAUUSD_Minute15_20220119.csv
184,184,1.0,0.222826,0.222826,0.286713,184,0,0,41,51,0,predictions_XAUUSD_Minute15_20220120.csv
176,176,1.0,0.25,0.25,0.333333,176,0,0,44,44,0,predictions_XAUUSD_Minute15_20220121.csv
8,8,1.0,0.25,0.25,0.333333,8,0,0,2,2,0,predictions_XAUUSD_Minute15_20220123.csv
184,184,1.0,0.23913,0.23913,0.314286,184,0,0,44,46,0,predictions_XAUUSD_Minute15_20220124.csv
184,184,1.0,0.282609,0.282609,0.393939,184,0,0,52,40,0,predictions_XAUUSD_Minute15_20220125.csv
184,184,1.0,0.233696,0.233696,0.304965,184,0,0,43,48,0,predictions_XAUUSD_Minute15_20220126.csv
184,184,1.0,0.190217,0.190217,0.234899,184,0,0,35,57,0,predictions_XAUUSD_Minute15_20220127.csv
176,176,1.0,0.238636,0.238636,0.313433,176,0,0,42,46,0,predictions_XAUUSD_Minute15_20220128.csv
8,8,1.0,0.125,0.125,0.142857,8,0,0,1,3,0,predictions_XAUUSD_Minute15_20220130.csv
184,184,1.0,0.222826,0.222826,0.286713,184,0,0,41,51,0,predictions_XAUUSD_Minute15_20220131.csv
184,184,1.0,0.271739,0.271739,0.373134,184,0,0,50,42,0,predictions_XAUUSD_Minute15_20220201.csv
184,184,1.0,0.25,0.25,0.333333,184,0,0,46,45,0,predictions_XAUUSD_Minute15_20220202.csv
184,184,1.0,0.25,0.25,0.333333,184,0,0,46,45,0,predictions_XAUUSD_Minute15_20220203.csv
176,176,1.0,0.289773,0.289773,0.408,176,0,0,51,37,0,predictions_XAUUSD_Minute15_20220204.csv
8,8,1.0,0.375,0.375,0.6,8,0,0,3,1,0,predictions_XAUUSD_Minute15_20220206.csv
184,184,1.0,0.266304,0.266304,0.362963,184,0,0,49,42,0,predictions_XAUUSD_Minute15_20220207.csv
184,184,1.0,0.233696,0.233696,0.304965,184,0,0,43,49,0,predictions_XAUUSD_Minute15_20220208.csv
184,184,1.0,0.26087,0.26087,0.352941,184,0,0,48,44,0,predictions_XAUUSD_Minute15_20220209.csv
184,184,1.0,0.211957,0.211957,0.268966,184,0,0,39,53,0,predictions_XAUUSD_Minute15_20220210.csv
176,176,1.0,0.284091,0.284091,0.396825,176,0,0,50,38,0,predictions_XAUUSD_Minute15_20220211.csv
8,8,1.0,0.125,0.125,0.142857,8,0,0,1,3,0,predictions_XAUUSD_Minute15_20220213.csv
184,184,1.0,0.271739,0.271739,0.373134,184,0,0,50,42,0,predictions_XAUUSD_Minute15_20220214.csv
184,184,1.0,0.244565,0.244565,0.323741,184,0,0,45,45,0,predictions_XAUUSD_Minute15_20220215.csv
184,184,1.0,0.266304,0.266304,0.362963,184,0,0,49,43,0,predictions_XAUUSD_Minute15_20220216.csv
184,184,1.0,0.271739,0.271739,0.373134,184,0,0,50,41,0,predictions_XAUUSD_Minute15_20220217.csv
176,176,1.0,0.255682,0.255682,0.343511,176,0,0,45,43,0,predictions_XAUUSD_Minute15_20220218.csv
8,8,1.0,0.375,0.375,0.6,8,0,0,3,1,0,predictions_XAUUSD_Minute15_20220220.csv
164,164,1.0,0.25,0.25,0.333333,164,0,0,41,40,0,predictions_XAUUSD_Minute15_20220221.csv
184,184,1.0,0.244565,0.244565,0.323741,184,0,0,45,47,0,predictions_XAUUSD_Minute15_20220222.csv
184,184,1.0,0.26087,0.26087,0.352941,184,0,0,48,44,0,predictions_XAUUSD_Minute15_20220223.csv
184,184,1.0,0.266304,0.266304,0.362963,184,0,0,49,43,0,predictions_XAUUSD_Minute15_20220224.csv
176,176,1.0,0.232955,0.232955,0.303704,176,0,0,41,47,0,predictions_XAUUSD_Minute15_20220225.csv
8,8,1.0,0.25,0.25,0.333333,8,0,0,2,2,0,predictions_XAUUSD_Minute15_20220227.csv
184,184,1.0,0.266304,0.266304,0.362963,184,0,0,49,43,0,predictions_XAUUSD_Minute15_20220228.csv
184,184,1.0,0.277174,0.277174,0.383459,184,0,0,51,41,0,predictions_XAUUSD_Minute15_20220301.csv
184,184,1.0,0.26087,0.26087,0.352941,184,0,0,48,44,0,predictions_XAUUSD_Minute15_20220302.csv
184,184,1.0,0.282609,0.282609,0.393939,184,0,0,52,40,0,predictions_XAUUSD_Minute15_20220303.csv
176,176,1.0,0.306818,0.306818,0.442623,176,0,0,54,34,0,predictions_XAUUSD_Minute15_20220304.csv
8,8,1.0,0.375,0.375,0.6,8,0,0,3,1,0,predictions_XAUUSD_Minute15_20220306.csv
184,184,1.0,0.244565,0.244565,0.323741,184,0,0,45,47,0,predictions_XAUUSD_Minute15_20220307.csv
184,150,0.815217,0.288043,0.293333,0.415094,150,0,0,44,31,0,predictions_XAUUSD_Minute15_20220308.csv
184,184,1.0,0.244565,0.244565,0.323741,184,0,0,45,47,0,predictions_XAUUSD_Minute15_20220309.csv
184,184,1.0,0.293478,0.293478,0.415385,184,0,0,54,38,0,predictions_XAUUSD_Minute15_20220310.csv
176,176,1.0,0.25,0.25,0.333333,176,0,0,44,44,0,predictions_XAUUSD_Minute15_20220311.csv
16,16,1.0,0.125,0.125,0.142857,16,0,0,2,6,0,predictions_XAUUSD_Minute15_20220313.csv
184,184,1.0,0.211957,0.211957,0.268966,184,0,0,39,52,0,predictions_XAUUSD_Minute15_20220314.csv
184,184,1.0,0.206522,0.206522,0.260274,184,0,0,38,54,0,predictions_XAUUSD_Minute15_20220315.csv
184,184,1.0,0.244565,0.244565,0.323741,184,0,0,45,47,0,predictions_XAUUSD_Minute15_20220316.csv
184,184,1.0,0.304348,0.304348,0.4375,184,0,0,56,36,0,predictions_XAUUSD_Minute15_20220317.csv
168,168,1.0,0.220238,0.220238,0.282443,168,0,0,37,47,0,predictions_XAUUSD_Minute15_20220318.csv
16,16,1.0,0.25,0.25,0.333333,16,0,0,4,4,0,predictions_XAUUSD_Minute15_20220320.csv
184,184,1.0,0.255435,0.255435,0.343066,184,0,0,47,45,0,predictions_XAUUSD_Minute15_20220321.csv
184,184,1.0,0.211957,0.211957,0.268966,184,0,0,39,53,0,predictions_XAUUSD_Minute15_20220322.csv
184,184,1.0,0.298913,0.298913,0.426357,184,0,0,55,37,0,predictions_XAUUSD_Minute15_20220323.csv
184,184,1.0,0.217391,0.217391,0.277778,184,0,0,40,51,0,predictions_XAUUSD_Minute15_20220324.csv
168,168,1.0,0.22619,0.22619,0.292308,168,0,0,38,46,0,predictions_XAUUSD_Minute15_20220325.csv
16,16,1.0,0.25,0.25,0.333333,16,0,0,4,4,0,predictions_XAUUSD_Minute15_20220327.csv
184,184,1.0,0.201087,0.201087,0.251701,184,0,0,37,55,0,predictions_XAUUSD_Minute15_20220328.csv
184,184,1.0,0.233696,0.233696,0.304965,184,0,0,43,47,0,predictions_XAUUSD_Minute15_20220329.csv
184,184,1.0,0.255435,0.255435,0.343066,184,0,0,47,45,0,predictions_XAUUSD_Minute15_20220330.csv
184,184,1.0,0.26087,0.26087,0.352941,184,0,0,48,44,0,predictions_XAUUSD_Minute15_20220331.csv
168,168,1.0,0.238095,0.238095,0.3125,168,0,0,40,44,0,predictions_XAUUSD_Minute15_20220401.csv
16,16,1.0,0.25,0.25,0.333333,16,0,0,4,4,0,predictions_XAUUSD_Minute15_20220403.csv
184,184,1.0,0.23913,0.23913,0.314286,184,0,0,44,47,0,predictions_XAUUSD_Minute15_20220404.csv
184,184,1.0,0.222826,0.222826,0.286713,184,0,0,41,50,0,predictions_XAUUSD_Minute15_20220405.csv
184,184,1.0,0.233696,0.233696,0.304965,184,0,0,43,48,0,predictions_XAUUSD_Minute15_20220406.csv
184,184,1.0,0.271739,0.271739,0.373134,184,0,0,50,42,0,predictions_XAUUSD_Minute15_20220407.csv
168,168,1.0,0.27381,0.27381,0.377049,168,0,0,46,38,0,predictions_XAUUSD_Minute15_20220408.csv
16,16,1.0,0.1875,0.1875,0.230769,16,0,0,3,5,0,predictions_XAUUSD_Minute15_20220410.csv
184,184,1.0,0.277174,0.277174,0.383459,184,0,0,51,41,0,predictions_XAUUSD_Minute15_20220411.csv
184,184,1.0,0.26087,0.26087,0.352941,184,0,0,48,44,0,predictions_XAUUSD_Minute15_20220412.csv
184,184,1.0,0.277174,0.277174,0.383459,184,0,0,51,41,0,predictions_XAUUSD_Minute15_20220413.csv
168,168,1.0,0.232143,0.232143,0.302326,168,0,0,39,45,0,predictions_XAUUSD_Minute15_20220414.csv
16,16,1.0,0.4375,0.4375,0.777778,16,0,0,7,0,0,predictions_XAUUSD_Minute15_20220417.csv
184,184,1.0,0.222826,0.222826,0.286713,184,0,0,41,50,0,predictions_XAUUSD_Minute15_20220418.csv
184,184,1.0,0.23913,0.23913,0.314286,184,0,0,44,48,0,predictions_XAUUSD_Minute15_20220419.csv
184,184,1.0,0.266304,0.266304,0.362963,184,0,0,49,43,0,predictions_XAUUSD_Minute15_20220420.csv
184,184,1.0,0.233696,0.233696,0.304965,184,0,0,43,49,0,predictions_XAUUSD_Minute15_20220421.csv
168,168,1.0,0.208333,0.208333,0.263158,168,0,0,35,49,0,predictions_XAUUSD_Minute15_20220422.csv
16,16,1.0,0.25,0.25,0.333333,16,0,0,4,4,0,predictions_XAUUSD_Minute15_20220424.csv
184,184,1.0,0.23913,0.23913,0.314286,184,0,0,44,48,0,predictions_XAUUSD_Minute15_20220425.csv
184,184,1.0,0.233696,0.233696,0.304965,184,0,0,43,49,0,predictions_XAUUSD_Minute15_20220426.csv
184,184,1.0,0.217391,0.217391,0.277778,184,0,0,40,51,0,predictions_XAUUSD_Minute15_20220427.csv
184,184,1.0,0.244565,0.244565,0.323741,184,0,0,45,47,0,predictions_XAUUSD_Minute15_20220428.csv
168,168,1.0,0.232143,0.232143,0.302326,168,0,0,39,44,0,predictions_XAUUSD_Minute15_20220429.csv
16,16,1.0,0.3125,0.3125,0.454545,16,0,0,5,3,0,predictions_XAUUSD_Minute15_20220501.csv
184,184,1.0,0.228261,0.228261,0.295775,184,0,0,42,50,0,predictions_XAUUSD_Minute15_20220502.csv
184,184,1.0,0.255435,0.255435,0.343066,184,0,0,47,45,0,predictions_XAUUSD_Minute15_20220503.csv
184,184,1.0,0.271739,0.271739,0.373134,184,0,0,50,42,0,predictions_XAUUSD_Minute15_20220504.csv
184,184,1.0,0.26087,0.26087,0.352941,184,0,0,48,44,0,predictions_XAUUSD_Minute15_20220505.csv
168,168,1.0,0.285714,0.285714,0.4,168,0,0,48,36,0,predictions_XAUUSD_Minute15_20220506.csv
16,16,1.0,0.3125,0.3125,0.454545,16,0,0,5,3,0,predictions_XAUUSD_Minute15_20220508.csv
184,184,1.0,0.217391,0.217391,0.277778,184,0,0,40,52,0,predictions_XAUUSD_Minute15_20220509.csv
184,184,1.0,0.244565,0.244565,0.323741,184,0,0,45,47,0,predictions_XAUUSD_Minute15_20220510.csv
184,184,1.0,0.26087,0.26087,0.352941,184,0,0,48,44,0,predictions_XAUUSD_Minute15_20220511.csv
184,184,1.0,0.23913,0.23913,0.314286,184,0,0,44,47,0,predictions_XAUUSD_Minute15_20220512.csv
168,168,1.0,0.232143,0.232143,0.302326,168,0,0,39,45,0,predictions_XAUUSD_Minute15_20220513.csv
16,16,1.0,0.25,0.25,0.333333,16,0,0,4,4,0,predictions_XAUUSD_Minute15_20220515.csv
184,184,1.0,0.271739,0.271739,0.373134,184,0,0,50,42,0,predictions_XAUUSD_Minute15_20220516.csv
184,184,1.0,0.233696,0.233696,0.304965,184,0,0,43,49,0,predictions_XAUUSD_Minute15_20220517.csv
184,184,1.0,0.233696,0.233696,0.304965,184,0,0,43,49,0,predictions_XAUUSD_Minute15_20220518.csv
184,184,1.0,0.25,0.25,0.333333,184,0,0,46,46,0,predictions_XAUUSD_Minute15_20220519.csv
168,168,1.0,0.25,0.25,0.333333,168,0,0,42,42,0,predictions_XAUUSD_Minute15_20220520.csv
16,16,1.0,0.25,0.25,0.333333,16,0,0,4,4,0,predictions_XAUUSD_Minute15_20220522.csv
184,184,1.0,0.266304,0.266304,0.362963,184,0,0,49,43,0,predictions_XAUUSD_Minute15_20220523.csv
184,184,1.0,0.26087,0.26087,0.352941,184,0,0,48,44,0,predictions_XAUUSD_Minute15_20220524.csv
184,184,1.0,0.217391,0.217391,0.277778,184,0,0,40,52,0,predictions_XAUUSD_Minute15_20220525.csv
184,184,1.0,0.26087,0.26087,0.352941,184,0,0,48,44,0,predictions_XAUUSD_Minute15_20220526.csv
168,168,1.0,0.255952,0.255952,0.344,168,0,0,43,41,0,predictions_XAUUSD_Minute15_20220527.csv
16,16,1.0,0.125,0.125,0.142857,16,0,0,2,6,0,predictions_XAUUSD_Minute15_20220529.csv
164,164,1.0,0.256098,0.256098,0.344262,164,0,0,42,40,0,predictions_XAUUSD_Minute15_20220530.csv
184,184,1.0,0.255435,0.255435,0.343066,184,0,0,47,45,0,predictions_XAUUSD_Minute15_20220531.csv
184,184,1.0,0.25,0.25,0.333333,184,0,0,46,45,0,predictions_XAUUSD_Minute15_20220601.csv
184,184,1.0,0.25,0.25,0.333333,184,0,0,46,46,0,predictions_XAUUSD_Minute15_20220602.csv
168,168,1.0,0.244048,0.244048,0.322835,168,0,0,41,43,0,predictions_XAUUSD_Minute15_20220603.csv
16,16,1.0,0.3125,0.3125,0.454545,16,0,0,5,3,0,predictions_XAUUSD_Minute15_20220605.csv
184,184,1.0,0.217391,0.217391,0.277778,184,0,0,40,51,0,predictions_XAUUSD_Minute15_20220606.csv
184,184,1.0,0.244565,0.244565,0.323741,184,0,0,45,46,0,predictions_XAUUSD_Minute15_20220607.csv
184,184,1.0,0.244565,0.244565,0.323741,184,0,0,45,47,0,predictions_XAUUSD_Minute15_20220608.csv
184,184,1.0,0.266304,0.266304,0.362963,184,0,0,49,43,0,predictions_XAUUSD_Minute15_20220609.csv
168,168,1.0,0.267857,0.267857,0.365854,168,0,0,45,39,0,predictions_XAUUSD_Minute15_20220610.csv
16,16,1.0,0.1875,0.1875,0.230769,16,0,0,3,5,0,predictions_XAUUSD_Minute15_20220612.csv
184,184,1.0,0.195652,0.195652,0.243243,184,0,0,36,56,0,predictions_XAUUSD_Minute15_20220613.csv
184,184,1.0,0.255435,0.255435,0.343066,184,0,0,47,44,0,predictions_XAUUSD_Minute15_20220614.csv
184,184,1.0,0.266304,0.266304,0.362963,184,0,0,49,43,0,predictions_XAUUSD_Minute15_20220615.csv
184,184,1.0,0.26087,0.26087,0.352941,184,0,0,48,44,0,predictions_XAUUSD_Minute15_20220616.csv
168,168,1.0,0.214286,0.214286,0.272727,168,0,0,36,48,0,predictions_XAUUSD_Minute15_20220617.csv
16,16,1.0,0.1875,0.1875,0.230769,16,0,0,3,5,0,predictions_XAUUSD_Minute15_20220619.csv
166,166,1.0,0.210843,0.210843,0.267176,166,0,0,35,47,0,predictions_XAUUSD_Minute15_20220620.csv
184,184,1.0,0.201087,0.201087,0.251701,184,0,0,37,55,0,predictions_XAUUSD_Minute15_20220621.csv
184,184,1.0,0.23913,0.23913,0.314286,184,0,0,44,47,0,predictions_XAUUSD_Minute15_20220622.csv
184,184,1.0,0.206522,0.206522,0.260274,184,0,0,38,51,0,predictions_XAUUSD_Minute15_20220623.csv
168,168,1.0,0.238095,0.238095,0.3125,168,0,0,40,44,0,predictions_XAUUSD_Minute15_20220624.csv
16,16,1.0,0.25,0.25,0.333333,16,0,0,4,4,0,predictions_XAUUSD_Minute15_20220626.csv
184,184,1.0,0.211957,0.211957,0.268966,184,0,0,39,51,0,predictions_XAUUSD_Minute15_20220627.csv
184,184,1.0,0.233696,0.233696,0.304965,184,0,0,43,48,0,predictions_XAUUSD_Minute15_20220628.csv
184,184,1.0,0.25,0.25,0.333333,184,0,0,46,46,0,predictions_XAUUSD_Minute15_20220629.csv
184,184,1.0,0.211957,0.211957,0.268966,184,0,0,39,53,0,predictions_XAUUSD_Minute15_20220630.csv
168,168,1.0,0.25,0.25,0.333333,168,0,0,42,41,0,predictions_XAUUSD_Minute15_20220701.csv
16,16,1.0,0.1875,0.1875,0.230769,16,0,0,3,5,0,predictions_XAUUSD_Minute15_20220703.csv
164,164,1.0,0.237805,0.237805,0.312,164,0,0,39,43,0,predictions_XAUUSD_Minute15_20220704.csv
184,184,1.0,0.222826,0.222826,0.286713,184,0,0,41,51,0,predictions_XAUUSD_Minute15_20220705.csv
184,184,1.0,0.25,0.25,0.333333,184,0,0,46,46,0,predictions_XAUUSD_Minute15_20220706.csv
184,184,1.0,0.266304,0.266304,0.362963,184,0,0,49,43,0,predictions_XAUUSD_Minute15_20220707.csv
168,168,1.0,0.261905,0.261905,0.354839,168,0,0,44,40,0,predictions_XAUUSD_Minute15_20220708.csv
16,16,1.0,0.25,0.25,0.333333,16,0,0,4,3,0,predictions_XAUUSD_Minute15_20220710.csv
184,184,1.0,0.23913,0.23913,0.314286,184,0,0,44,46,0,predictions_XAUUSD_Minute15_20220711.csv
184,184,1.0,0.217391,0.217391,0.277778,184,0,0,40,52,0,predictions_XAUUSD_Minute15_20220712.csv
184,184,1.0,0.255435,0.255435,0.343066,184,0,0,47,45,0,predictions_XAUUSD_Minute15_20220713.csv
184,184,1.0,0.206522,0.206522,0.260274,184,0,0,38,54,0,predictions_XAUUSD_Minute15_20220714.csv
168,168,1.0,0.22619,0.22619,0.292308,168,0,0,38,46,0,predictions_XAUUSD_Minute15_20220715.csv
16,16,1.0,0.5,0.5,1.0,16,0,0,8,0,0,predictions_XAUUSD_Minute15_20220717.csv
184,184,1.0,0.282609,0.282609,0.393939,184,0,0,52,40,0,predictions_XAUUSD_Minute15_20220718.csv
184,184,1.0,0.271739,0.271739,0.373134,184,0,0,50,42,0,predictions_XAUUSD_Minute15_20220719.csv
184,184,1.0,0.228261,0.228261,0.295775,184,0,0,42,50,0,predictions_XAUUSD_Minute15_20220720.csv
184,184,1.0,0.277174,0.277174,0.383459,184,0,0,51,41,0,predictions_XAUUSD_Minute15_20220721.csv
168,168,1.0,0.279762,0.279762,0.38843,168,0,0,47,37,0,predictions_XAUUSD_Minute15_20220722.csv
16,16,1.0,0.125,0.125,0.142857,16,0,0,2,5,0,predictions_XAUUSD_Minute15_20220724.csv
184,184,1.0,0.244565,0.244565,0.323741,184,0,0,45,47,0,predictions_XAUUSD_Minute15_20220725.csv
184,184,1.0,0.233696,0.233696,0.304965,184,0,0,43,49,0,predictions_XAUUSD_Minute15_20220726.csv
184,184,1.0,0.271739,0.271739,0.373134,184,0,0,50,41,0,predictions_XAUUSD_Minute15_20220727.csv
184,184,1.0,0.255435,0.255435,0.343066,184,0,0,47,45,0,predictions_XAUUSD_Minute15_20220728.csv
168,168,1.0,0.267857,0.267857,0.365854,168,0,0,45,38,0,predictions_XAUUSD_Minute15_20220729.csv
16,16,1.0,0.125,0.125,0.142857,16,0,0,2,6,0,predictions_XAUUSD_Minute15_20220731.csv
184,184,1.0,0.271739,0.271739,0.373134,184,0,0,50,42,0,predictions_XAUUSD_Minute15_20220801.csv
184,184,1.0,0.222826,0.222826,0.286713,184,0,0,41,51,0,predictions_XAUUSD_Minute15_20220802.csv
184,184,1.0,0.255435,0.255435,0.343066,184,0,0,47,45,0,predictions_XAUUSD_Minute15_20220803.csv
184,184,1.0,0.320652,0.320652,0.472,184,0,0,59,33,0,predictions_XAUUSD_Minute15_20220804.csv
168,168,1.0,0.261905,0.261905,0.354839,168,0,0,44,40,0,predictions_XAUUSD_Minute15_20220805.csv
16,16,1.0,0.3125,0.3125,0.454545,16,0,0,5,3,0,predictions_XAUUSD_Minute15_20220807.csv
184,184,1.0,0.304348,0.304348,0.4375,184,0,0,56,36,0,predictions_XAUUSD_Minute15_20220808.csv
184,184,1.0,0.255435,0.255435,0.343066,184,0,0,47,45,0,predictions_XAUUSD_Minute15_20220809.csv
184,184,1.0,0.25,0.25,0.333333,184,0,0,46,46,0,predictions_XAUUSD_Minute15_20220810.csv
184,184,1.0,0.23913,0.23913,0.314286,184,0,0,44,48,0,predictions_XAUUSD_Minute15_20220811.csv
168,168,1.0,0.297619,0.297619,0.423729,168,0,0,50,33,0,predictions_XAUUSD_Minute15_20220812.csv
16,16,1.0,0.125,0.125,0.142857,16,0,0,2,6,0,predictions_XAUUSD_Minute15_20220814.csv
184,184,1.0,0.190217,0.190217,0.234899,184,0,0,35,55,0,predictions_XAUUSD_Minute15_20220815.csv
184,184,1.0,0.23913,0.23913,0.314286,184,0,0,44,48,0,predictions_XAUUSD_Minute15_20220816.csv
184,184,1.0,0.217391,0.217391,0.277778,184,0,0,40,52,0,predictions_XAUUSD_Minute15_20220817.csv
184,184,1.0,0.233696,0.233696,0.304965,184,0,0,43,49,0,predictions_XAUUSD_Minute15_20220818.csv
168,168,1.0,0.202381,0.202381,0.253731,168,0,0,34,49,0,predictions_XAUUSD_Minute15_20220819.csv
16,16,1.0,0.1875,0.1875,0.230769,16,0,0,3,5,0,predictions_XAUUSD_Minute15_20220821.csv
184,184,1.0,0.211957,0.211957,0.268966,184,0,0,39,53,0,predictions_XAUUSD_Minute15_20220822.csv
184,184,1.0,0.255435,0.255435,0.343066,184,0,0,47,45,0,predictions_XAUUSD_Minute15_20220823.csv
184,184,1.0,0.26087,0.26087,0.352941,184,0,0,48,44,0,predictions_XAUUSD_Minute15_20220824.csv
184,184,1.0,0.25,0.25,0.333333,184,0,0,46,45,0,predictions_XAUUSD_Minute15_20220825.csv
168,168,1.0,0.202381,0.202381,0.253731,168,0,0,34,50,0,predictions_XAUUSD_Minute15_20220826.csv
16,16,1.0,0.125,0.125,0.142857,16,0,0,2,6,0,predictions_XAUUSD_Minute15_20220828.csv
184,184,1.0,0.228261,0.228261,0.295775,184,0,0,42,50,0,predictions_XAUUSD_Minute15_20220829.csv
184,184,1.0,0.201087,0.201087,0.251701,184,0,0,37,54,0,predictions_XAUUSD_Minute15_20220830.csv
184,184,1.0,0.222826,0.222826,0.286713,184,0,0,41,50,0,predictions_XAUUSD_Minute15_20220831.csv
184,184,1.0,0.222826,0.222826,0.286713,184,0,0,41,51,0,predictions_XAUUSD_Minute15_20220901.csv
168,168,1.0,0.244048,0.244048,0.322835,168,0,0,41,42,0,predictions_XAUUSD_Minute15_20220902.csv
16,16,1.0,0.125,0.125,0.142857,16,0,0,2,6,0,predictions_XAUUSD_Minute15_20220904.csv
164,164,1.0,0.256098,0.256098,0.344262,164,0,0,42,40,0,predictions_XAUUSD_Minute15_20220905.csv
184,184,1.0,0.228261,0.228261,0.295775,184,0,0,42,50,0,predictions_XAUUSD_Minute15_20220906.csv
184,184,1.0,0.271739,0.271739,0.373134,184,0,0,50,41,0,predictions_XAUUSD_Minute15_20220907.csv
184,184,1.0,0.26087,0.26087,0.352941,184,0,0,48,44,0,predictions_XAUUSD_Minute15_20220908.csv
168,168,1.0,0.261905,0.261905,0.354839,168,0,0,44,39,0,predictions_XAUUSD_Minute15_20220909.csv
16,16,1.0,0.25,0.25,0.333333,16,0,0,4,4,0,predictions_XAUUSD_Minute15_20220911.csv
184,184,1.0,0.23913,0.23913,0.314286,184,0,0,44,47,0,predictions_XAUUSD_Minute15_20220912.csv
184,184,1.0,0.25,0.25,0.333333,184,0,0,46,46,0,predictions_XAUUSD_Minute15_20220913.csv
184,184,1.0,0.217391,0.217391,0.277778,184,0,0,40,51,0,predictions_XAUUSD_Minute15_20220914.csv
184,184,1.0,0.211957,0.211957,0.268966,184,0,0,39,53,0,predictions_XAUUSD_Minute15_20220915.csv
168,168,1.0,0.244048,0.244048,0.322835,168,0,0,41,43,0,predictions_XAUUSD_Minute15_20220916.csv
16,16,1.0,0.375,0.375,0.6,16,0,0,6,2,0,predictions_XAUUSD_Minute15_20220918.csv
184,184,1.0,0.26087,0.26087,0.352941,184,0,0,48,43,0,predictions_XAUUSD_Minute15_20220919.csv
184,184,1.0,0.26087,0.26087,0.352941,184,0,0,48,44,0,predictions_XAUUSD_Minute15_20220920.csv
184,184,1.0,0.255435,0.255435,0.343066,184,0,0,47,45,0,predictions_XAUUSD_Minute15_20220921.csv
184,184,1.0,0.26087,0.26087,0.352941,184,0,0,48,44,0,predictions_XAUUSD_Minute15_20220922.csv
168,168,1.0,0.232143,0.232143,0.302326,168,0,0,39,44,0,predictions_XAUUSD_Minute15_20220923.csv
16,16,1.0,0.25,0.25,0.333333,16,0,0,4,4,0,predictions_XAUUSD_Minute15_20220925.csv
184,184,1.0,0.228261,0.228261,0.295775,184,0,0,42,50,0,predictions_XAUUSD_Minute15_20220926.csv
184,184,1.0,0.244565,0.244565,0.323741,184,0,0,45,47,0,predictions_XAUUSD_Minute15_20220927.csv
184,184,1.0,0.25,0.25,0.333333,184,0,0,46,46,0,predictions_XAUUSD_Minute15_20220928.csv
184,184,1.0,0.255435,0.255435,0.343066,184,0,0,47,45,0,predictions_XAUUSD_Minute15_20220929.csv
168,168,1.0,0.214286,0.214286,0.272727,168,0,0,36,48,0,predictions_XAUUSD_Minute15_20220930.csv
16,16,1.0,0.1875,0.1875,0.230769,16,0,0,3,5,0,predictions_XAUUSD_Minute15_20221002.csv
184,184,1.0,0.298913,0.298913,0.426357,184,0,0,55,37,0,predictions_XAUUSD_Minute15_20221003.csv
184,184,1.0,0.298913,0.298913,0.426357,184,0,0,55,36,0,predictions_XAUUSD_Minute15_20221004.csv
184,184,1.0,0.244565,0.244565,0.323741,184,0,0,45,46,0,predictions_XAUUSD_Minute15_20221005.csv
184,184,1.0,0.26087,0.26087,0.352941,184,0,0,48,44,0,predictions_XAUUSD_Minute15_20221006.csv
168,168,1.0,0.22619,0.22619,0.292308,168,0,0,38,46,0,predictions_XAUUSD_Minute15_20221007.csv
16,16,1.0,0.1875,0.1875,0.230769,16,0,0,3,5,0,predictions_XAUUSD_Minute15_20221009.csv
184,184,1.0,0.206522,0.206522,0.260274,184,0,0,38,54,0,predictions_XAUUSD_Minute15_20221010.csv
184,184,1.0,0.217391,0.217391,0.277778,184,0,0,40,52,0,predictions_XAUUSD_Minute15_20221011.csv
184,184,1.0,0.26087,0.26087,0.352941,184,0,0,48,44,0,predictions_XAUUSD_Minute15_20221012.csv
184,184,1.0,0.26087,0.26087,0.352941,184,0,0,48,44,0,predictions_XAUUSD_Minute15_20221013.csv
168,168,1.0,0.220238,0.220238,0.282443,168,0,0,37,47,0,predictions_XAUUSD_Minute15_20221014.csv
16,16,1.0,0.25,0.25,0.333333,16,0,0,4,4,0,predictions_XAUUSD_Minute15_20221016.csv
184,184,1.0,0.25,0.25,0.333333,184,0,0,46,44,0,predictions_XAUUSD_Minute15_20221017.csv
184,184,1.0,0.26087,0.26087,0.352941,184,0,0,48,42,0,predictions_XAUUSD_Minute15_20221018.csv
184,184,1.0,0.201087,0.201087,0.251701,184,0,0,37,55,0,predictions_XAUUSD_Minute15_20221019.csv
184,184,1.0,0.217391,0.217391,0.277778,184,0,0,40,52,0,predictions_XAUUSD_Minute15_20221020.csv
168,168,1.0,0.255952,0.255952,0.344,168,0,0,43,41,0,predictions_XAUUSD_Minute15_20221021.csv
16,16,1.0,0.25,0.25,0.333333,16,0,0,4,4,0,predictions_XAUUSD_Minute15_20221023.csv
184,184,1.0,0.228261,0.228261,0.295775,184,0,0,42,50,0,predictions_XAUUSD_Minute15_20221024.csv
184,184,1.0,0.228261,0.228261,0.295775,184,0,0,42,49,0,predictions_XAUUSD_Minute15_20221025.csv
184,184,1.0,0.26087,0.26087,0.352941,184,0,0,48,44,0,predictions_XAUUSD_Minute15_20221026.csv
184,184,1.0,0.266304,0.266304,0.362963,184,0,0,49,43,0,predictions_XAUUSD_Minute15_20221027.csv
168,168,1.0,0.220238,0.220238,0.282443,168,0,0,37,46,0,predictions_XAUUSD_Minute15_20221028.csv
16,16,1.0,0.25,0.25,0.333333,16,0,0,4,4,0,predictions_XAUUSD_Minute15_20221030.csv
184,184,1.0,0.23913,0.23913,0.314286,184,0,0,44,47,0,predictions_XAUUSD_Minute15_20221031.csv
184,184,1.0,0.309783,0.309783,0.448819,184,0,0,57,35,0,predictions_XAUUSD_Minute15_20221101.csv
184,184,1.0,0.25,0.25,0.333333,184,0,0,46,46,0,predictions_XAUUSD_Minute15_20221102.csv
184,184,1.0,0.233696,0.233696,0.304965,184,0,0,43,48,0,predictions_XAUUSD_Minute15_20221103.csv
168,168,1.0,0.315476,0.315476,0.46087,168,0,0,53,31,0,predictions_XAUUSD_Minute15_20221104.csv
8,8,1.0,0.125,0.125,0.142857,8,0,0,1,3,0,predictions_XAUUSD_Minute15_20221106.csv
184,184,1.0,0.228261,0.228261,0.295775,184,0,0,42,50,0,predictions_XAUUSD_Minute15_20221107.csv
184,184,1.0,0.271739,0.271739,0.373134,184,0,0,50,42,0,predictions_XAUUSD_Minute15_20221108.csv
184,184,1.0,0.23913,0.23913,0.314286,184,0,0,44,47,0,predictions_XAUUSD_Minute15_20221109.csv
184,184,1.0,0.320652,0.320652,0.472,184,0,0,59,32,0,predictions_XAUUSD_Minute15_20221110.csv
176,176,1.0,0.267045,0.267045,0.364341,176,0,0,47,41,0,predictions_XAUUSD_Minute15_20221111.csv
8,8,1.0,0.25,0.25,0.333333,8,0,0,2,2,0,predictions_XAUUSD_Minute15_20221113.csv
184,184,1.0,0.255435,0.255435,0.343066,184,0,0,47,45,0,predictions_XAUUSD_Minute15_20221114.csv
184,184,1.0,0.244565,0.244565,0.323741,184,0,0,45,47,0,predictions_XAUUSD_Minute15_20221115.csv
184,184,1.0,0.222826,0.222826,0.286713,184,0,0,41,51,0,predictions_XAUUSD_Minute15_20221116.csv
184,184,1.0,0.217391,0.217391,0.277778,184,0,0,40,52,0,predictions_XAUUSD_Minute15_20221117.csv
176,176,1.0,0.198864,0.198864,0.248227,176,0,0,35,53,0,predictions_XAUUSD_Minute15_20221118.csv
8,8,1.0,0.375,0.375,0.6,8,0,0,3,1,0,predictions_XAUUSD_Minute15_20221120.csv
184,184,1.0,0.228261,0.228261,0.295775,184,0,0,42,50,0,predictions_XAUUSD_Minute15_20221121.csv
184,184,1.0,0.255435,0.255435,0.343066,184,0,0,47,45,0,predictions_XAUUSD_Minute15_20221122.csv
184,184,1.0,0.233696,0.233696,0.304965,184,0,0,43,49,0,predictions_XAUUSD_Minute15_20221123.csv
164,164,1.0,0.243902,0.243902,0.322581,164,0,0,40,40,0,predictions_XAUUSD_Minute15_20221124.csv
150,150,1.0,0.253333,0.253333,0.339286,150,0,0,38,36,0,predictions_XAUUSD_Minute15_20221125.csv
8,8,1.0,0.125,0.125,0.142857,8,0,0,1,3,0,predictions_XAUUSD_Minute15_20221127.csv
184,184,1.0,0.26087,0.26087,0.352941,184,0,0,48,44,0,predictions_XAUUSD_Minute15_20221128.csv
184,184,1.0,0.25,0.25,0.333333,184,0,0,46,46,0,predictions_XAUUSD_Minute15_20221129.csv
184,184,1.0,0.288043,0.288043,0.40458,184,0,0,53,38,0,predictions_XAUUSD_Minute15_20221130.csv
184,184,1.0,0.309783,0.309783,0.448819,184,0,0,57,34,0,predictions_XAUUSD_Minute15_20221201.csv
176,176,1.0,0.244318,0.244318,0.323308,176,0,0,43,44,0,predictions_XAUUSD_Minute15_20221202.csv
8,8,1.0,0.25,0.25,0.333333,8,0,0,2,1,0,predictions_XAUUSD_Minute15_20221204.csv
184,184,1.0,0.228261,0.228261,0.295775,184,0,0,42,50,0,predictions_XAUUSD_Minute15_20221205.csv
184,184,1.0,0.255435,0.255435,0.343066,184,0,0,47,45,0,predictions_XAUUSD_Minute15_20221206.csv
184,184,1.0,0.266304,0.266304,0.362963,184,0,0,49,43,0,predictions_XAUUSD_Minute15_20221207.csv
184,184,1.0,0.266304,0.266304,0.362963,184,0,0,49,43,0,predictions_XAUUSD_Minute15_20221208.csv
176,176,1.0,0.25,0.25,0.333333,176,0,0,44,44,0,predictions_XAUUSD_Minute15_20221209.csv
8,8,1.0,0.0,0.0,0.0,8,0,0,0,4,0,predictions_XAUUSD_Minute15_20221211.csv
184,184,1.0,0.233696,0.233696,0.304965,184,0,0,43,49,0,predictions_XAUUSD_Minute15_20221212.csv
184,184,1.0,0.255435,0.255435,0.343066,184,0,0,47,45,0,predictions_XAUUSD_Minute15_20221213.csv
184,184,1.0,0.266304,0.266304,0.362963,184,0,0,49,42,0,predictions_XAUUSD_Minute15_20221214.csv
184,184,1.0,0.184783,0.184783,0.226667,184,0,0,34,58,0,predictions_XAUUSD_Minute15_20221215.csv
176,176,1.0,0.306818,0.306818,0.442623,176,0,0,54,34,0,predictions_XAUUSD_Minute15_20221216.csv
8,8,1.0,0.25,0.25,0.333333,8,0,0,2,2,0,predictions_XAUUSD_Minute15_20221218.csv
184,184,1.0,0.23913,0.23913,0.314286,184,0,0,44,48,0,predictions_XAUUSD_Minute15_20221219.csv
184,184,1.0,0.282609,0.282609,0.393939,184,0,0,52,40,0,predictions_XAUUSD_Minute15_20221220.csv
184,184,1.0,0.228261,0.228261,0.295775,184,0,0,42,50,0,predictions_XAUUSD_Minute15_20221221.csv
184,184,1.0,0.233696,0.233696,0.304965,184,0,0,43,49,0,predictions_XAUUSD_Minute15_20221222.csv
176,176,1.0,0.267045,0.267045,0.364341,176,0,0,47,41,0,predictions_XAUUSD_Minute15_20221223.csv
8,8,1.0,0.5,0.5,1.0,8,0,0,4,0,0,predictions_XAUUSD_Minute15_20221226.csv
184,184,1.0,0.233696,0.233696,0.304965,184,0,0,43,48,0,predictions_XAUUSD_Minute15_20221227.csv
184,184,1.0,0.23913,0.23913,0.314286,184,0,0,44,48,0,predictions_XAUUSD_Minute15_20221228.csv
184,184,1.0,0.255435,0.255435,0.343066,184,0,0,47,44,0,predictions_XAUUSD_Minute15_20221229.csv
176,176,1.0,0.272727,0.272727,0.375,176,0,0,48,39,0,predictions_XAUUSD_Minute15_20221230.csv
8,8,1.0,0.375,0.375,0.6,8,0,0,3,1,0,predictions_XAUUSD_Minute15_20230102.csv
184,184,1.0,0.255435,0.255435,0.343066,184,0,0,47,45,0,predictions_XAUUSD_Minute15_20230103.csv
184,184,1.0,0.277174,0.277174,0.383459,184,0,0,51,41,0,predictions_XAUUSD_Minute15_20230104.csv
184,184,1.0,0.233696,0.233696,0.304965,184,0,0,43,49,0,predictions_XAUUSD_Minute15_20230105.csv
176,176,1.0,0.255682,0.255682,0.343511,176,0,0,45,43,0,predictions_XAUUSD_Minute15_20230106.csv
8,8,1.0,0.5,0.5,1.0,8,0,0,4,0,0,predictions_XAUUSD_Minute15_20230108.csv
184,184,1.0,0.26087,0.26087,0.352941,184,0,0,48,44,0,predictions_XAUUSD_Minute15_20230109.csv
184,184,1.0,0.266304,0.266304,0.362963,184,0,0,49,43,0,predictions_XAUUSD_Minute15_20230110.csv
184,184,1.0,0.244565,0.244565,0.323741,184,0,0,45,47,0,predictions_XAUUSD_Minute15_20230111.csv
184,184,1.0,0.298913,0.298913,0.426357,184,0,0,55,37,0,predictions_XAUUSD_Minute15_20230112.csv
176,176,1.0,0.284091,0.284091,0.396825,176,0,0,50,38,0,predictions_XAUUSD_Minute15_20230113.csv
8,8,1.0,0.125,0.125,0.142857,8,0,0,1,3,0,predictions_XAUUSD_Minute15_20230115.csv
164,164,1.0,0.25,0.25,0.333333,164,0,0,41,40,0,predictions_XAUUSD_Minute15_20230116.csv
184,184,1.0,0.228261,0.228261,0.295775,184,0,0,42,48,0,predictions_XAUUSD_Minute15_20230117.csv
184,184,1.0,0.26087,0.26087,0.352941,184,0,0,48,43,0,predictions_XAUUSD_Minute15_20230118.csv
184,184,1.0,0.25,0.25,0.333333,184,0,0,46,45,0,predictions_XAUUSD_Minute15_20230119.csv
176,176,1.0,0.227273,0.227273,0.294118,176,0,0,40,48,0,predictions_XAUUSD_Minute15_20230120.csv
8,8,1.0,0.25,0.25,0.333333,8,0,0,2,2,0,predictions_XAUUSD_Minute15_20230122.csv
184,184,1.0,0.233696,0.233696,0.304965,184,0,0,43,49,0,predictions_XAUUSD_Minute15_20230123.csv
184,184,1.0,0.26087,0.26087,0.352941,184,0,0,48,43,0,predictions_XAUUSD_Minute15_20230124.csv
184,184,1.0,0.25,0.25,0.333333,184,0,0,46,46,0,predictions_XAUUSD_Minute15_20230125.csv
184,184,1.0,0.25,0.25,0.333333,184,0,0,46,46,0,predictions_XAUUSD_Minute15_20230126.csv
176,176,1.0,0.261364,0.261364,0.353846,176,0,0,46,42,0,predictions_XAUUSD_Minute15_20230127.csv
8,8,1.0,0.25,0.25,0.333333,8,0,0,2,2,0,predictions_XAUUSD_Minute15_20230129.csv
184,184,1.0,0.222826,0.222826,0.286713,184,0,0,41,50,0,predictions_XAUUSD_Minute15_20230130.csv
184,184,1.0,0.222826,0.222826,0.286713,184,0,0,41,51,0,predictions_XAUUSD_Minute15_20230131.csv
184,184,1.0,0.255435,0.255435,0.343066,184,0,0,47,45,0,predictions_XAUUSD_Minute15_20230201.csv
184,184,1.0,0.228261,0.228261,0.295775,184,0,0,42,50,0,predictions_XAUUSD_Minute15_20230202.csv
176,170,0.965909,0.215909,0.217647,0.278195,170,0,0,37,48,0,predictions_XAUUSD_Minute15_20230203.csv
8,8,1.0,0.25,0.25,0.333333,8,0,0,2,2,0,predictions_XAUUSD_Minute15_20230205.csv
184,184,1.0,0.255435,0.255435,0.343066,184,0,0,47,45,0,predictions_XAUUSD_Minute15_20230206.csv
184,184,1.0,0.266304,0.266304,0.362963,184,0,0,49,42,0,predictions_XAUUSD_Minute15_20230207.csv
184,184,1.0,0.255435,0.255435,0.343066,184,0,0,47,43,0,predictions_XAUUSD_Minute15_20230208.csv
184,184,1.0,0.25,0.25,0.333333,184,0,0,46,46,0,predictions_XAUUSD_Minute15_20230209.csv
176,176,1.0,0.255682,0.255682,0.343511,176,0,0,45,43,0,predictions_XAUUSD_Minute15_20230210.csv
8,8,1.0,0.25,0.25,0.333333,8,0,0,2,2,0,predictions_XAUUSD_Minute15_20230212.csv
184,184,1.0,0.255435,0.255435,0.343066,184,0,0,47,44,0,predictions_XAUUSD_Minute15_20230213.csv
184,172,0.934783,0.266304,0.261628,0.354331,172,0,0,45,41,0,predictions_XAUUSD_Minute15_20230214.csv
184,184,1.0,0.26087,0.26087,0.352941,184,0,0,48,44,0,predictions_XAUUSD_Minute15_20230215.csv
184,184,1.0,0.217391,0.217391,0.277778,184,0,0,40,52,0,predictions_XAUUSD_Minute15_20230216.csv
174,174,1.0,0.241379,0.241379,0.318182,174,0,0,42,45,0,predictions_XAUUSD_Minute15_20230217.csv
160,160,1.0,0.2625,0.2625,0.355932,160,0,0,42,38,0,predictions_XAUUSD_Minute15_20230220.csv
184,184,1.0,0.25,0.25,0.333333,184,0,0,46,46,0,predictions_XAUUSD_Minute15_20230221.csv
182,182,1.0,0.197802,0.197802,0.246575,182,0,0,36,55,0,predictions_XAUUSD_Minute15_20230222.csv
184,184,1.0,0.255435,0.255435,0.343066,184,0,0,47,45,0,predictions_XAUUSD_Minute15_20230223.csv
174,174,1.0,0.195402,0.195402,0.242857,174,0,0,34,53,0,predictions_XAUUSD_Minute15_20230224.csv
8,8,1.0,0.25,0.25,0.333333,8,0,0,2,2,0,predictions_XAUUSD_Minute15_20230226.csv
184,184,1.0,0.266304,0.266304,0.362963,184,0,0,49,41,0,predictions_XAUUSD_Minute15_20230227.csv
184,184,1.0,0.244565,0.244565,0.323741,184,0,0,45,46,0,predictions_XAUUSD_Minute15_20230228.csv
182,182,1.0,0.252747,0.252747,0.338235,182,0,0,46,44,0,predictions_XAUUSD_Minute15_20230301.csv
184,184,1.0,0.271739,0.271739,0.373134,184,0,0,50,41,0,predictions_XAUUSD_Minute15_20230302.csv
176,176,1.0,0.284091,0.284091,0.396825,176,0,0,50,38,0,predictions_XAUUSD_Minute15_20230303.csv
8,8,1.0,0.0,0.0,0.0,8,0,0,0,4,0,predictions_XAUUSD_Minute15_20230305.csv
182,182,1.0,0.258242,0.258242,0.348148,182,0,0,47,42,0,predictions_XAUUSD_Minute15_20230306.csv
182,182,1.0,0.197802,0.197802,0.246575,182,0,0,36,55,0,predictions_XAUUSD_Minute15_20230307.csv
182,182,1.0,0.252747,0.252747,0.338235,182,0,0,46,45,0,predictions_XAUUSD_Minute15_20230308.csv
182,182,1.0,0.291209,0.291209,0.410853,182,0,0,53,37,0,predictions_XAUUSD_Minute15_20230309.csv
176,164,0.931818,0.267045,0.262195,0.355372,164,0,0,43,38,0,predictions_XAUUSD_Minute15_20230310.csv
16,16,1.0,0.25,0.25,0.333333,16,0,0,4,4,0,predictions_XAUUSD_Minute15_20230312.csv
184,174,0.945652,0.23913,0.235632,0.308271,174,0,0,41,45,0,predictions_XAUUSD_Minute15_20230313.csv
184,184,1.0,0.25,0.25,0.333333,184,0,0,46,46,0,predictions_XAUUSD_Minute15_20230314.csv
184,184,1.0,0.271739,0.271739,0.373134,184,0,0,50,41,0,predictions_XAUUSD_Minute15_20230315.csv
176,176,1.0,0.301136,0.301136,0.430894,176,0,0,53,35,0,predictions_XAUUSD_Minute15_20230316.csv
168,168,1.0,0.327381,0.327381,0.486726,168,0,0,55,29,0,predictions_XAUUSD_Minute15_20230317.csv
16,16,1.0,0.1875,0.1875,0.230769,16,0,0,3,4,0,predictions_XAUUSD_Minute15_20230319.csv
184,184,1.0,0.26087,0.26087,0.352941,184,0,0,48,43,0,predictions_XAUUSD_Minute15_20230320.csv
184,184,1.0,0.23913,0.23913,0.314286,184,0,0,44,48,0,predictions_XAUUSD_Minute15_20230321.csv
184,184,1.0,0.277174,0.277174,0.383459,184,0,0,51,41,0,predictions_XAUUSD_Minute15_20230322.csv
176,176,1.0,0.289773,0.289773,0.408,176,0,0,51,37,0,predictions_XAUUSD_Minute15_20230323.csv
168,168,1.0,0.22619,0.22619,0.292308,168,0,0,38,46,0,predictions_XAUUSD_Minute15_20230324.csv
16,16,1.0,0.25,0.25,0.333333,16,0,0,4,4,0,predictions_XAUUSD_Minute15_20230326.csv
184,184,1.0,0.222826,0.222826,0.286713,184,0,0,41,51,0,predictions_XAUUSD_Minute15_20230327.csv
184,184,1.0,0.26087,0.26087,0.352941,184,0,0,48,44,0,predictions_XAUUSD_Minute15_20230328.csv
184,184,1.0,0.222826,0.222826,0.286713,184,0,0,41,51,0,predictions_XAUUSD_Minute15_20230329.csv
176,176,1.0,0.272727,0.272727,0.375,176,0,0,48,39,0,predictions_XAUUSD_Minute15_20230330.csv
168,168,1.0,0.232143,0.232143,0.302326,168,0,0,39,45,0,predictions_XAUUSD_Minute15_20230331.csv
16,16,1.0,0.0625,0.0625,0.066667,16,0,0,1,7,0,predictions_XAUUSD_Minute15_20230402.csv
184,184,1.0,0.282609,0.282609,0.393939,184,0,0,52,40,0,predictions_XAUUSD_Minute15_20230403.csv
184,184,1.0,0.23913,0.23913,0.314286,184,0,0,44,48,0,predictions_XAUUSD_Minute15_20230404.csv
184,184,1.0,0.26087,0.26087,0.352941,184,0,0,48,44,0,predictions_XAUUSD_Minute15_20230405.csv
168,168,1.0,0.208333,0.208333,0.263158,168,0,0,35,49,0,predictions_XAUUSD_Minute15_20230406.csv
16,16,1.0,0.3125,0.3125,0.454545,16,0,0,5,3,0,predictions_XAUUSD_Minute15_20230409.csv
184,184,1.0,0.255435,0.255435,0.343066,184,0,0,47,44,0,predictions_XAUUSD_Minute15_20230410.csv
184,184,1.0,0.255435,0.255435,0.343066,184,0,0,47,45,0,predictions_XAUUSD_Minute15_20230411.csv
184,184,1.0,0.255435,0.255435,0.343066,184,0,0,47,45,0,predictions_XAUUSD_Minute15_20230412.csv
176,176,1.0,0.267045,0.267045,0.364341,176,0,0,47,41,0,predictions_XAUUSD_Minute15_20230413.csv
168,168,1.0,0.238095,0.238095,0.3125,168,0,0,40,43,0,predictions_XAUUSD_Minute15_20230414.csv
16,16,1.0,0.25,0.25,0.333333,16,0,0,4,4,0,predictions_XAUUSD_Minute15_20230416.csv
184,184,1.0,0.228261,0.228261,0.295775,184,0,0,42,50,0,predictions_XAUUSD_Minute15_20230417.csv
184,184,1.0,0.271739,0.271739,0.373134,184,0,0,50,42,0,predictions_XAUUSD_Minute15_20230418.csv
184,184,1.0,0.255435,0.255435,0.343066,184,0,0,47,45,0,predictions_XAUUSD_Minute15_20230419.csv
176,176,1.0,0.238636,0.238636,0.313433,176,0,0,42,46,0,predictions_XAUUSD_Minute15_20230420.csv
168,168,1.0,0.255952,0.255952,0.344,168,0,0,43,41,0,predictions_XAUUSD_Minute15_20230421.csv
16,16,1.0,0.3125,0.3125,0.454545,16,0,0,5,3,0,predictions_XAUUSD_Minute15_20230423.csv
184,184,1.0,0.26087,0.26087,0.352941,184,0,0,48,44,0,predictions_XAUUSD_Minute15_20230424.csv
184,184,1.0,0.228261,0.228261,0.295775,184,0,0,42,50,0,predictions_XAUUSD_Minute15_20230425.csv
184,184,1.0,0.282609,0.282609,0.393939,184,0,0,52,39,0,predictions_XAUUSD_Minute15_20230426.csv
176,176,1.0,0.278409,0.278409,0.385827,176,0,0,49,39,0,predictions_XAUUSD_Minute15_20230427.csv
168,168,1.0,0.232143,0.232143,0.302326,168,0,0,39,44,0,predictions_XAUUSD_Minute15_20230428.csv
16,16,1.0,0.25,0.25,0.333333,16,0,0,4,4,0,predictions_XAUUSD_Minute15_20230430.csv
184,184,1.0,0.222826,0.222826,0.286713,184,0,0,41,51,0,predictions_XAUUSD_Minute15_20230501.csv
184,184,1.0,0.244565,0.244565,0.323741,184,0,0,45,45,0,predictions_XAUUSD_Minute15_20230502.csv
184,184,1.0,0.266304,0.266304,0.362963,184,0,0,49,40,0,predictions_XAUUSD_Minute15_20230503.csv
176,176,1.0,0.215909,0.215909,0.275362,176,0,0,38,50,0,predictions_XAUUSD_Minute15_20230504.csv
168,168,1.0,0.232143,0.232143,0.302326,168,0,0,39,44,0,predictions_XAUUSD_Minute15_20230505.csv
16,16,1.0,0.25,0.25,0.333333,16,0,0,4,4,0,predictions_XAUUSD_Minute15_20230507.csv
184,184,1.0,0.26087,0.26087,0.352941,184,0,0,48,43,0,predictions_XAUUSD_Minute15_20230508.csv
184,184,1.0,0.293478,0.293478,0.415385,184,0,0,54,38,0,predictions_XAUUSD_Minute15_20230509.csv
184,168,0.913043,0.228261,0.214286,0.272727,168,0,0,36,48,0,predictions_XAUUSD_Minute15_20230510.csv
176,168,0.954545,0.261364,0.261905,0.354839,168,0,0,44,40,0,predictions_XAUUSD_Minute15_20230511.csv
168,168,1.0,0.238095,0.238095,0.3125,168,0,0,40,43,0,predictions_XAUUSD_Minute15_20230512.csv
16,16,1.0,0.1875,0.1875,0.230769,16,0,0,3,5,0,predictions_XAUUSD_Minute15_20230514.csv
184,184,1.0,0.255435,0.255435,0.343066,184,0,0,47,44,0,predictions_XAUUSD_Minute15_20230515.csv
184,184,1.0,0.211957,0.211957,0.268966,184,0,0,39,53,0,predictions_XAUUSD_Minute15_20230516.csv
184,184,1.0,0.222826,0.222826,0.286713,184,0,0,41,51,0,predictions_XAUUSD_Minute15_20230517.csv
176,176,1.0,0.227273,0.227273,0.294118,176,0,0,40,48,0,predictions_XAUUSD_Minute15_20230518.csv
168,168,1.0,0.267857,0.267857,0.365854,168,0,0,45,39,0,predictions_XAUUSD_Minute15_20230519.csv
16,16,1.0,0.3125,0.3125,0.454545,16,0,0,5,3,0,predictions_XAUUSD_Minute15_20230521.csv
184,184,1.0,0.195652,0.195652,0.243243,184,0,0,36,55,0,predictions_XAUUSD_Minute15_20230522.csv
184,184,1.0,0.23913,0.23913,0.314286,184,0,0,44,48,0,predictions_XAUUSD_Minute15_20230523.csv
184,184,1.0,0.23913,0.23913,0.314286,184,0,0,44,48,0,predictions_XAUUSD_Minute15_20230524.csv
176,176,1.0,0.255682,0.255682,0.343511,176,0,0,45,43,0,predictions_XAUUSD_Minute15_20230525.csv
168,168,1.0,0.267857,0.267857,0.365854,168,0,0,45,37,0,predictions_XAUUSD_Minute15_20230526.csv
16,16,1.0,0.1875,0.1875,0.230769,16,0,0,3,5,0,predictions_XAUUSD_Minute15_20230528.csv
164,164,1.0,0.243902,0.243902,0.322581,164,0,0,40,42,0,predictions_XAUUSD_Minute15_20230529.csv
184,184,1.0,0.271739,0.271739,0.373134,184,0,0,50,42,0,predictions_XAUUSD_Minute15_20230530.csv
184,184,1.0,0.277174,0.277174,0.383459,184,0,0,51,41,0,predictions_XAUUSD_Minute15_20230531.csv
176,176,1.0,0.238636,0.238636,0.313433,176,0,0,42,46,0,predictions_XAUUSD_Minute15_20230601.csv
168,164,0.97619,0.196429,0.20122,0.251908,164,0,0,33,49,0,predictions_XAUUSD_Minute15_20230602.csv
16,16,1.0,0.1875,0.1875,0.230769,16,0,0,3,5,0,predictions_XAUUSD_Minute15_20230604.csv
184,184,1.0,0.244565,0.244565,0.323741,184,0,0,45,47,0,predictions_XAUUSD_Minute15_20230605.csv
184,184,1.0,0.255435,0.255435,0.343066,184,0,0,47,44,0,predictions_XAUUSD_Minute15_20230606.csv
184,184,1.0,0.217391,0.217391,0.277778,184,0,0,40,52,0,predictions_XAUUSD_Minute15_20230607.csv
176,176,1.0,0.267045,0.267045,0.364341,176,0,0,47,41,0,predictions_XAUUSD_Minute15_20230608.csv
168,168,1.0,0.261905,0.261905,0.354839,168,0,0,44,40,0,predictions_XAUUSD_Minute15_20230609.csv
16,16,1.0,0.0625,0.0625,0.066667,16,0,0,1,6,0,predictions_XAUUSD_Minute15_20230611.csv
184,184,1.0,0.282609,0.282609,0.393939,184,0,0,52,40,0,predictions_XAUUSD_Minute15_20230612.csv
184,184,1.0,0.211957,0.211957,0.268966,184,0,0,39,53,0,predictions_XAUUSD_Minute15_20230613.csv
184,184,1.0,0.244565,0.244565,0.323741,184,0,0,45,47,0,predictions_XAUUSD_Minute15_20230614.csv
184,184,1.0,0.244565,0.244565,0.323741,184,0,0,45,47,0,predictions_XAUUSD_Minute15_20230615.csv
168,168,1.0,0.25,0.25,0.333333,168,0,0,42,41,0,predictions_XAUUSD_Minute15_20230616.csv
16,16,1.0,0.1875,0.1875,0.230769,16,0,0,3,5,0,predictions_XAUUSD_Minute15_20230618.csv
164,164,1.0,0.189024,0.189024,0.233083,164,0,0,31,51,0,predictions_XAUUSD_Minute15_20230619.csv
184,184,1.0,0.233696,0.233696,0.304965,184,0,0,43,49,0,predictions_XAUUSD_Minute15_20230620.csv
184,184,1.0,0.244565,0.244565,0.323741,184,0,0,45,47,0,predictions_XAUUSD_Minute15_20230621.csv
184,184,1.0,0.244565,0.244565,0.323741,184,0,0,45,46,0,predictions_XAUUSD_Minute15_20230622.csv
168,168,1.0,0.279762,0.279762,0.38843,168,0,0,47,36,0,predictions_XAUUSD_Minute15_20230623.csv
16,16,1.0,0.1875,0.1875,0.230769,16,0,0,3,5,0,predictions_XAUUSD_Minute15_20230625.csv
184,184,1.0,0.26087,0.26087,0.352941,184,0,0,48,43,0,predictions_XAUUSD_Minute15_20230626.csv
184,184,1.0,0.26087,0.26087,0.352941,184,0,0,48,44,0,predictions_XAUUSD_Minute15_20230627.csv
184,184,1.0,0.222826,0.222826,0.286713,184,0,0,41,51,0,predictions_XAUUSD_Minute15_20230628.csv
184,184,1.0,0.25,0.25,0.333333,184,0,0,46,46,0,predictions_XAUUSD_Minute15_20230629.csv
168,168,1.0,0.261905,0.261905,0.354839,168,0,0,44,40,0,predictions_XAUUSD_Minute15_20230630.csv
16,16,1.0,0.125,0.125,0.142857,16,0,0,2,6,0,predictions_XAUUSD_Minute15_20230702.csv
184,184,1.0,0.217391,0.217391,0.277778,184,0,0,40,52,0,predictions_XAUUSD_Minute15_20230703.csv
164,164,1.0,0.27439,0.27439,0.378151,164,0,0,45,37,0,predictions_XAUUSD_Minute15_20230704.csv
184,184,1.0,0.255435,0.255435,0.343066,184,0,0,47,44,0,predictions_XAUUSD_Minute15_20230705.csv
184,184,1.0,0.26087,0.26087,0.352941,184,0,0,48,44,0,predictions_XAUUSD_Minute15_20230706.csv
168,168,1.0,0.297619,0.297619,0.423729,168,0,0,50,34,0,predictions_XAUUSD_Minute15_20230707.csv
16,16,1.0,0.125,0.125,0.142857,16,0,0,2,6,0,predictions_XAUUSD_Minute15_20230709.csv
184,184,1.0,0.25,0.25,0.333333,184,0,0,46,46,0,predictions_XAUUSD_Minute15_20230710.csv
184,184,1.0,0.304348,0.304348,0.4375,184,0,0,56,36,0,predictions_XAUUSD_Minute15_20230711.csv
184,184,1.0,0.304348,0.304348,0.4375,184,0,0,56,36,0,predictions_XAUUSD_Minute15_20230712.csv
184,184,1.0,0.25,0.25,0.333333,184,0,0,46,46,0,predictions_XAUUSD_Minute15_20230713.csv
168,168,1.0,0.202381,0.202381,0.253731,168,0,0,34,50,0,predictions_XAUUSD_Minute15_20230714.csv
16,16,1.0,0.25,0.25,0.333333,16,0,0,4,4,0,predictions_XAUUSD_Minute15_20230716.csv
184,184,1.0,0.277174,0.277174,0.383459,184,0,0,51,40,0,predictions_XAUUSD_Minute15_20230717.csv
184,184,1.0,0.293478,0.293478,0.415385,184,0,0,54,38,0,predictions_XAUUSD_Minute15_20230718.csv
184,184,1.0,0.255435,0.255435,0.343066,184,0,0,47,44,0,predictions_XAUUSD_Minute15_20230719.csv
184,184,1.0,0.26087,0.26087,0.352941,184,0,0,48,44,0,predictions_XAUUSD_Minute15_20230720.csv
168,168,1.0,0.214286,0.214286,0.272727,168,0,0,36,48,0,predictions_XAUUSD_Minute15_20230721.csv
16,16,1.0,0.1875,0.1875,0.230769,16,0,0,3,5,0,predictions_XAUUSD_Minute15_20230723.csv
184,184,1.0,0.244565,0.244565,0.323741,184,0,0,45,47,0,predictions_XAUUSD_Minute15_20230724.csv
184,184,1.0,0.288043,0.288043,0.40458,184,0,0,53,38,0,predictions_XAUUSD_Minute15_20230725.csv
184,184,1.0,0.25,0.25,0.333333,184,0,0,46,45,0,predictions_XAUUSD_Minute15_20230726.csv
184,184,1.0,0.228261,0.228261,0.295775,184,0,0,42,50,0,predictions_XAUUSD_Minute15_20230727.csv
168,168,1.0,0.285714,0.285714,0.4,168,0,0,48,36,0,predictions_XAUUSD_Minute15_20230728.csv
16,16,1.0,0.3125,0.3125,0.454545,16,0,0,5,3,0,predictions_XAUUSD_Minute15_20230730.csv
184,184,1.0,0.244565,0.244565,0.323741,184,0,0,45,47,0,predictions_XAUUSD_Minute15_20230731.csv
184,184,1.0,0.201087,0.201087,0.251701,184,0,0,37,53,0,predictions_XAUUSD_Minute15_20230801.csv
184,184,1.0,0.222826,0.222826,0.286713,184,0,0,41,51,0,predictions_XAUUSD_Minute15_20230802.csv
184,184,1.0,0.266304,0.266304,0.362963,184,0,0,49,43,0,predictions_XAUUSD_Minute15_20230803.csv
168,168,1.0,0.244048,0.244048,0.322835,168,0,0,41,43,0,predictions_XAUUSD_Minute15_20230804.csv
16,16,1.0,0.25,0.25,0.333333,16,0,0,4,4,0,predictions_XAUUSD_Minute15_20230806.csv
184,184,1.0,0.23913,0.23913,0.314286,184,0,0,44,47,0,predictions_XAUUSD_Minute15_20230807.csv
184,184,1.0,0.222826,0.222826,0.286713,184,0,0,41,51,0,predictions_XAUUSD_Minute15_20230808.csv
184,184,1.0,0.244565,0.244565,0.323741,184,0,0,45,46,0,predictions_XAUUSD_Minute15_20230809.csv
182,182,1.0,0.252747,0.252747,0.338235,182,0,0,46,45,0,predictions_XAUUSD_Minute15_20230810.csv
168,168,1.0,0.27381,0.27381,0.377049,168,0,0,46,37,0,predictions_XAUUSD_Minute15_20230811.csv
16,16,1.0,0.25,0.25,0.333333,16,0,0,4,4,0,predictions_XAUUSD_Minute15_20230813.csv
184,184,1.0,0.228261,0.228261,0.295775,184,0,0,42,48,0,predictions_XAUUSD_Minute15_20230814.csv
184,184,1.0,0.217391,0.217391,0.277778,184,0,0,40,50,0,predictions_XAUUSD_Minute15_20230815.csv
184,184,1.0,0.23913,0.23913,0.314286,184,0,0,44,48,0,predictions_XAUUSD_Minute15_20230816.csv
184,184,1.0,0.277174,0.277174,0.383459,184,0,0,51,41,0,predictions_XAUUSD_Minute15_20230817.csv
168,168,1.0,0.244048,0.244048,0.322835,168,0,0,41,43,0,predictions_XAUUSD_Minute15_20230818.csv
16,16,1.0,0.25,0.25,0.333333,16,0,0,4,4,0,predictions_XAUUSD_Minute15_20230820.csv
184,184,1.0,0.271739,0.271739,0.373134,184,0,0,50,42,0,predictions_XAUUSD_Minute15_20230821.csv
184,184,1.0,0.282609,0.282609,0.393939,184,0,0,52,40,0,predictions_XAUUSD_Minute15_20230822.csv
184,184,1.0,0.282609,0.282609,0.393939,184,0,0,52,40,0,predictions_XAUUSD_Minute15_20230823.csv
184,184,1.0,0.244565,0.244565,0.323741,184,0,0,45,47,0,predictions_XAUUSD_Minute15_20230824.csv
168,168,1.0,0.244048,0.244048,0.322835,168,0,0,41,42,0,predictions_XAUUSD_Minute15_20230825.csv
16,16,1.0,0.3125,0.3125,0.454545,16,0,0,5,3,0,predictions_XAUUSD_Minute15_20230827.csv
184,184,1.0,0.266304,0.266304,0.362963,184,0,0,49,43,0,predictions_XAUUSD_Minute15_20230828.csv
184,184,1.0,0.233696,0.233696,0.304965,184,0,0,43,49,0,predictions_XAUUSD_Minute15_20230829.csv
184,184,1.0,0.25,0.25,0.333333,184,0,0,46,46,0,predictions_XAUUSD_Minute15_20230830.csv
184,184,1.0,0.25,0.25,0.333333,184,0,0,46,43,0,predictions_XAUUSD_Minute15_20230831.csv
168,158,0.940476,0.285714,0.278481,0.385965,158,0,0,44,35,0,predictions_XAUUSD_Minute15_20230901.csv
148,148,1.0,0.216216,0.216216,0.275862,148,0,0,32,41,0,predictions_XAUUSD_Minute15_20230904.csv
184,184,1.0,0.233696,0.233696,0.304965,184,0,0,43,47,0,predictions_XAUUSD_Minute15_20230905.csv
184,184,1.0,0.233696,0.233696,0.304965,184,0,0,43,48,0,predictions_XAUUSD_Minute15_20230906.csv
184,184,1.0,0.266304,0.266304,0.362963,184,0,0,49,43,0,predictions_XAUUSD_Minute15_20230907.csv
168,168,1.0,0.261905,0.261905,0.354839,168,0,0,44,40,0,predictions_XAUUSD_Minute15_20230908.csv
16,16,1.0,0.25,0.25,0.333333,16,0,0,4,4,0,predictions_XAUUSD_Minute15_20230910.csv
184,184,1.0,0.228261,0.228261,0.295775,184,0,0,42,50,0,predictions_XAUUSD_Minute15_20230911.csv
184,184,1.0,0.195652,0.195652,0.243243,184,0,0,36,55,0,predictions_XAUUSD_Minute15_20230912.csv
184,184,1.0,0.222826,0.222826,0.286713,184,0,0,41,50,0,predictions_XAUUSD_Minute15_20230913.csv
184,184,1.0,0.26087,0.26087,0.352941,184,0,0,48,42,0,predictions_XAUUSD_Minute15_20230914.csv
168,168,1.0,0.267857,0.267857,0.365854,168,0,0,45,39,0,predictions_XAUUSD_Minute15_20230915.csv
16,16,1.0,0.25,0.25,0.333333,16,0,0,4,3,0,predictions_XAUUSD_Minute15_20230917.csv
184,184,1.0,0.298913,0.298913,0.426357,184,0,0,55,37,0,predictions_XAUUSD_Minute15_20230918.csv
184,184,1.0,0.217391,0.217391,0.277778,184,0,0,40,51,0,predictions_XAUUSD_Minute15_20230919.csv
184,184,1.0,0.255435,0.255435,0.343066,184,0,0,47,45,0,predictions_XAUUSD_Minute15_20230920.csv
184,184,1.0,0.25,0.25,0.333333,184,0,0,46,45,0,predictions_XAUUSD_Minute15_20230921.csv
168,168,1.0,0.27381,0.27381,0.377049,168,0,0,46,38,0,predictions_XAUUSD_Minute15_20230922.csv
16,16,1.0,0.3125,0.3125,0.454545,16,0,0,5,3,0,predictions_XAUUSD_Minute15_20230924.csv
184,184,1.0,0.222826,0.222826,0.286713,184,0,0,41,50,0,predictions_XAUUSD_Minute15_20230925.csv
184,184,1.0,0.228261,0.228261,0.295775,184,0,0,42,50,0,predictions_XAUUSD_Minute15_20230926.csv
184,184,1.0,0.190217,0.190217,0.234899,184,0,0,35,57,0,predictions_XAUUSD_Minute15_20230927.csv
184,184,1.0,0.266304,0.266304,0.362963,184,0,0,49,43,0,predictions_XAUUSD_Minute15_20230928.csv
168,168,1.0,0.232143,0.232143,0.302326,168,0,0,39,44,0,predictions_XAUUSD_Minute15_20230929.csv
16,16,1.0,0.1875,0.1875,0.230769,16,0,0,3,5,0,predictions_XAUUSD_Minute15_20231001.csv
184,184,1.0,0.195652,0.195652,0.243243,184,0,0,36,55,0,predictions_XAUUSD_Minute15_20231002.csv
184,184,1.0,0.233696,0.233696,0.304965,184,0,0,43,48,0,predictions_XAUUSD_Minute15_20231003.csv
184,184,1.0,0.23913,0.23913,0.314286,184,0,0,44,47,0,predictions_XAUUSD_Minute15_20231004.csv
184,184,1.0,0.244565,0.244565,0.323741,184,0,0,45,46,0,predictions_XAUUSD_Minute15_20231005.csv
168,168,1.0,0.238095,0.238095,0.3125,168,0,0,40,44,0,predictions_XAUUSD_Minute15_20231006.csv
16,16,1.0,0.25,0.25,0.333333,16,0,0,4,4,0,predictions_XAUUSD_Minute15_20231008.csv
184,184,1.0,0.23913,0.23913,0.314286,184,0,0,44,47,0,predictions_XAUUSD_Minute15_20231009.csv
184,184,1.0,0.255435,0.255435,0.343066,184,0,0,47,45,0,predictions_XAUUSD_Minute15_20231010.csv
184,184,1.0,0.277174,0.277174,0.383459,184,0,0,51,41,0,predictions_XAUUSD_Minute15_20231011.csv
184,184,1.0,0.266304,0.266304,0.362963,184,0,0,49,43,0,predictions_XAUUSD_Minute15_20231012.csv
168,168,1.0,0.333333,0.333333,0.5,168,0,0,56,28,0,predictions_XAUUSD_Minute15_20231013.csv
16,16,1.0,0.25,0.25,0.333333,16,0,0,4,4,0,predictions_XAUUSD_Minute15_20231015.csv
184,184,1.0,0.222826,0.222826,0.286713,184,0,0,41,48,0,predictions_XAUUSD_Minute15_20231016.csv
184,184,1.0,0.233696,0.233696,0.304965,184,0,0,43,49,0,predictions_XAUUSD_Minute15_20231017.csv
184,184,1.0,0.282609,0.282609,0.393939,184,0,0,52,40,0,predictions_XAUUSD_Minute15_20231018.csv
184,184,1.0,0.293478,0.293478,0.415385,184,0,0,54,38,0,predictions_XAUUSD_Minute15_20231019.csv
168,168,1.0,0.261905,0.261905,0.354839,168,0,0,44,40,0,predictions_XAUUSD_Minute15_20231020.csv
16,16,1.0,0.1875,0.1875,0.230769,16,0,0,3,5,0,predictions_XAUUSD_Minute15_20231022.csv
184,184,1.0,0.282609,0.282609,0.393939,184,0,0,52,40,0,predictions_XAUUSD_Minute15_20231023.csv
184,184,1.0,0.244565,0.244565,0.323741,184,0,0,45,45,0,predictions_XAUUSD_Minute15_20231024.csv
184,184,1.0,0.277174,0.277174,0.383459,184,0,0,51,41,0,predictions_XAUUSD_Minute15_20231025.csv
184,184,1.0,0.271739,0.271739,0.373134,184,0,0,50,42,0,predictions_XAUUSD_Minute15_20231026.csv
168,168,1.0,0.255952,0.255952,0.344,168,0,0,43,41,0,predictions_XAUUSD_Minute15_20231027.csv
16,16,1.0,0.1875,0.1875,0.230769,16,0,0,3,5,0,predictions_XAUUSD_Minute15_20231029.csv
184,184,1.0,0.206522,0.206522,0.260274,184,0,0,38,54,0,predictions_XAUUSD_Minute15_20231030.csv
184,184,1.0,0.217391,0.217391,0.277778,184,0,0,40,52,0,predictions_XAUUSD_Minute15_20231031.csv
184,184,1.0,0.26087,0.26087,0.352941,184,0,0,48,44,0,predictions_XAUUSD_Minute15_20231101.csv
184,184,1.0,0.25,0.25,0.333333,184,0,0,46,46,0,predictions_XAUUSD_Minute15_20231102.csv
168,156,0.928571,0.261905,0.269231,0.368421,156,0,0,42,36,0,predictions_XAUUSD_Minute15_20231103.csv
8,8,1.0,0.125,0.125,0.142857,8,0,0,1,3,0,predictions_XAUUSD_Minute15_20231105.csv
176,176,1.0,0.232955,0.232955,0.303704,176,0,0,41,47,0,predictions_XAUUSD_Minute15_20231106.csv
176,176,1.0,0.204545,0.204545,0.257143,176,0,0,36,52,0,predictions_XAUUSD_Minute15_20231107.csv
176,176,1.0,0.198864,0.198864,0.248227,176,0,0,35,53,0,predictions_XAUUSD_Minute15_20231108.csv
176,176,1.0,0.238636,0.238636,0.313433,176,0,0,42,44,0,predictions_XAUUSD_Minute15_20231109.csv
168,168,1.0,0.172619,0.172619,0.208633,168,0,0,29,55,0,predictions_XAUUSD_Minute15_20231110.csv
8,8,1.0,0.375,0.375,0.6,8,0,0,3,1,0,predictions_XAUUSD_Minute15_20231112.csv
184,184,1.0,0.211957,0.211957,0.268966,184,0,0,39,53,0,predictions_XAUUSD_Minute15_20231113.csv
184,184,1.0,0.25,0.25,0.333333,184,0,0,46,45,0,predictions_XAUUSD_Minute15_20231114.csv
184,184,1.0,0.266304,0.266304,0.362963,184,0,0,49,42,0,predictions_XAUUSD_Minute15_20231115.csv
184,184,1.0,0.271739,0.271739,0.373134,184,0,0,50,41,0,predictions_XAUUSD_Minute15_20231116.csv
176,176,1.0,0.261364,0.261364,0.353846,176,0,0,46,40,0,predictions_XAUUSD_Minute15_20231117.csv
8,8,1.0,0.25,0.25,0.333333,8,0,0,2,2,0,predictions_XAUUSD_Minute15_20231119.csv
184,184,1.0,0.25,0.25,0.333333,184,0,0,46,46,0,predictions_XAUUSD_Minute15_20231120.csv
184,184,1.0,0.271739,0.271739,0.373134,184,0,0,50,41,0,predictions_XAUUSD_Minute15_20231121.csv
184,184,1.0,0.244565,0.244565,0.323741,184,0,0,45,46,0,predictions_XAUUSD_Minute15_20231122.csv
164,164,1.0,0.231707,0.231707,0.301587,164,0,0,38,44,0,predictions_XAUUSD_Minute15_20231123.csv
150,150,1.0,0.273333,0.273333,0.376147,150,0,0,41,34,0,predictions_XAUUSD_Minute15_20231124.csv
8,8,1.0,0.25,0.25,0.333333,8,0,0,2,2,0,predictions_XAUUSD_Minute15_20231126.csv
184,184,1.0,0.255435,0.255435,0.343066,184,0,0,47,45,0,predictions_XAUUSD_Minute15_20231127.csv
184,184,1.0,0.266304,0.266304,0.362963,184,0,0,49,43,0,predictions_XAUUSD_Minute15_20231128.csv
184,184,1.0,0.23913,0.23913,0.314286,184,0,0,44,48,0,predictions_XAUUSD_Minute15_20231129.csv
184,184,1.0,0.26087,0.26087,0.352941,184,0,0,48,43,0,predictions_XAUUSD_Minute15_20231130.csv
176,176,1.0,0.295455,0.295455,0.419355,176,0,0,52,36,0,predictions_XAUUSD_Minute15_20231201.csv
8,8,1.0,0.375,0.375,0.6,8,0,0,3,1,0,predictions_XAUUSD_Minute15_20231203.csv
184,184,1.0,0.211957,0.211957,0.268966,184,0,0,39,53,0,predictions_XAUUSD_Minute15_20231204.csv
184,184,1.0,0.255435,0.255435,0.343066,184,0,0,47,44,0,predictions_XAUUSD_Minute15_20231205.csv
184,184,1.0,0.271739,0.271739,0.373134,184,0,0,50,42,0,predictions_XAUUSD_Minute15_20231206.csv
184,184,1.0,0.25,0.25,0.333333,184,0,0,46,44,0,predictions_XAUUSD_Minute15_20231207.csv
176,176,1.0,0.244318,0.244318,0.323308,176,0,0,43,45,0,predictions_XAUUSD_Minute15_20231208.csv
8,8,1.0,0.375,0.375,0.6,8,0,0,3,1,0,predictions_XAUUSD_Minute15_20231210.csv
184,184,1.0,0.25,0.25,0.333333,184,0,0,46,45,0,predictions_XAUUSD_Minute15_20231211.csv
184,184,1.0,0.266304,0.266304,0.362963,184,0,0,49,43,0,predictions_XAUUSD_Minute15_20231212.csv
184,184,1.0,0.293478,0.293478,0.415385,184,0,0,54,36,0,predictions_XAUUSD_Minute15_20231213.csv
184,184,1.0,0.293478,0.293478,0.415385,184,0,0,54,38,0,predictions_XAUUSD_Minute15_20231214.csv
176,176,1.0,0.238636,0.238636,0.313433,176,0,0,42,46,0,predictions_XAUUSD_Minute15_20231215.csv
8,8,1.0,0.125,0.125,0.142857,8,0,0,1,3,0,predictions_XAUUSD_Minute15_20231217.csv
184,184,1.0,0.266304,0.266304,0.362963,184,0,0,49,43,0,predictions_XAUUSD_Minute15_20231218.csv
184,184,1.0,0.288043,0.288043,0.40458,184,0,0,53,39,0,predictions_XAUUSD_Minute15_20231219.csv
184,184,1.0,0.244565,0.244565,0.323741,184,0,0,45,47,0,predictions_XAUUSD_Minute15_20231220.csv
184,184,1.0,0.277174,0.277174,0.383459,184,0,0,51,41,0,predictions_XAUUSD_Minute15_20231221.csv
176,176,1.0,0.284091,0.284091,0.396825,176,0,0,50,38,0,predictions_XAUUSD_Minute15_20231222.csv
8,8,1.0,0.375,0.375,0.6,8,0,0,3,1,0,predictions_XAUUSD_Minute15_20231225.csv
184,168,0.913043,0.266304,0.261905,0.354839,168,0,0,44,40,0,predictions_XAUUSD_Minute15_20231226.csv
184,184,1.0,0.309783,0.309783,0.448819,184,0,0,57,34,0,predictions_XAUUSD_Minute15_20231227.csv
184,184,1.0,0.255435,0.255435,0.343066,184,0,0,47,45,0,predictions_XAUUSD_Minute15_20231228.csv
176,176,1.0,0.227273,0.227273,0.294118,176,0,0,40,48,0,predictions_XAUUSD_Minute15_20231229.csv
184,184,1.0,0.26087,0.26087,0.352941,184,0,0,48,44,0,predictions_XAUUSD_Minute15_20240102.csv
184,184,1.0,0.206522,0.206522,0.260274,184,0,0,38,54,0,predictions_XAUUSD_Minute15_20240103.csv
184,184,1.0,0.233696,0.233696,0.304965,184,0,0,43,48,0,predictions_XAUUSD_Minute15_20240104.csv
176,176,1.0,0.215909,0.215909,0.275362,176,0,0,38,49,0,predictions_XAUUSD_Minute15_20240105.csv
8,8,1.0,0.125,0.125,0.142857,8,0,0,1,3,0,predictions_XAUUSD_Minute15_20240107.csv
184,184,1.0,0.228261,0.228261,0.295775,184,0,0,42,50,0,predictions_XAUUSD_Minute15_20240108.csv
184,184,1.0,0.25,0.25,0.333333,184,0,0,46,45,0,predictions_XAUUSD_Minute15_20240109.csv
184,184,1.0,0.23913,0.23913,0.314286,184,0,0,44,47,0,predictions_XAUUSD_Minute15_20240110.csv
184,174,0.945652,0.26087,0.270115,0.370079,174,0,0,47,40,0,predictions_XAUUSD_Minute15_20240111.csv
176,176,1.0,0.261364,0.261364,0.353846,176,0,0,46,42,0,predictions_XAUUSD_Minute15_20240112.csv
8,8,1.0,0.25,0.25,0.333333,8,0,0,2,2,0,predictions_XAUUSD_Minute15_20240114.csv
166,166,1.0,0.240964,0.240964,0.31746,166,0,0,40,43,0,predictions_XAUUSD_Minute15_20240115.csv
184,182,0.98913,0.211957,0.214286,0.272727,182,0,0,39,51,0,predictions_XAUUSD_Minute15_20240116.csv
184,184,1.0,0.233696,0.233696,0.304965,184,0,0,43,47,0,predictions_XAUUSD_Minute15_20240117.csv
184,184,1.0,0.282609,0.282609,0.393939,184,0,0,52,40,0,predictions_XAUUSD_Minute15_20240118.csv
176,176,1.0,0.295455,0.295455,0.419355,176,0,0,52,35,0,predictions_XAUUSD_Minute15_20240119.csv
8,8,1.0,0.125,0.125,0.142857,8,0,0,1,3,0,predictions_XAUUSD_Minute15_20240121.csv
184,184,1.0,0.23913,0.23913,0.314286,184,0,0,44,46,0,predictions_XAUUSD_Minute15_20240122.csv
184,184,1.0,0.266304,0.266304,0.362963,184,0,0,49,43,0,predictions_XAUUSD_Minute15_20240123.csv
184,184,1.0,0.244565,0.244565,0.323741,184,0,0,45,47,0,predictions_XAUUSD_Minute15_20240124.csv
184,184,1.0,0.266304,0.266304,0.362963,184,0,0,49,43,0,predictions_XAUUSD_Minute15_20240125.csv
176,176,1.0,0.238636,0.238636,0.313433,176,0,0,42,46,0,predictions_XAUUSD_Minute15_20240126.csv
8,8,1.0,0.25,0.25,0.333333,8,0,0,2,2,0,predictions_XAUUSD_Minute15_20240128.csv
184,184,1.0,0.26087,0.26087,0.352941,184,0,0,48,42,0,predictions_XAUUSD_Minute15_20240129.csv
184,184,1.0,0.255435,0.255435,0.343066,184,0,0,47,45,0,predictions_XAUUSD_Minute15_20240130.csv
184,184,1.0,0.23913,0.23913,0.314286,184,0,0,44,48,0,predictions_XAUUSD_Minute15_20240131.csv
184,184,1.0,0.23913,0.23913,0.314286,184,0,0,44,48,0,predictions_XAUUSD_Minute15_20240201.csv
176,174,0.988636,0.261364,0.258621,0.348837,174,0,0,45,42,0,predictions_XAUUSD_Minute15_20240202.csv
8,8,1.0,0.375,0.375,0.6,8,0,0,3,1,0,predictions_XAUUSD_Minute15_20240204.csv
184,184,1.0,0.255435,0.255435,0.343066,184,0,0,47,44,0,predictions_XAUUSD_Minute15_20240205.csv
184,184,1.0,0.271739,0.271739,0.373134,184,0,0,50,40,0,predictions_XAUUSD_Minute15_20240206.csv
184,182,0.98913,0.26087,0.263736,0.358209,182,0,0,48,42,0,predictions_XAUUSD_Minute15_20240207.csv
184,184,1.0,0.266304,0.266304,0.362963,184,0,0,49,43,0,predictions_XAUUSD_Minute15_20240208.csv
176,176,1.0,0.238636,0.238636,0.313433,176,0,0,42,46,0,predictions_XAUUSD_Minute15_20240209.csv
8,8,1.0,0.25,0.25,0.333333,8,0,0,2,2,0,predictions_XAUUSD_Minute15_20240211.csv
184,184,1.0,0.25,0.25,0.333333,184,0,0,46,45,0,predictions_XAUUSD_Minute15_20240212.csv
184,176,0.956522,0.26087,0.261364,0.353846,176,0,0,46,40,0,predictions_XAUUSD_Minute15_20240213.csv
184,184,1.0,0.228261,0.228261,0.295775,184,0,0,42,48,0,predictions_XAUUSD_Minute15_20240214.csv
184,184,1.0,0.298913,0.298913,0.426357,184,0,0,55,37,0,predictions_XAUUSD_Minute15_20240215.csv
176,168,0.954545,0.272727,0.267857,0.365854,168,0,0,45,38,0,predictions_XAUUSD_Minute15_20240216.csv
8,8,1.0,0.375,0.375,0.6,8,0,0,3,1,0,predictions_XAUUSD_Minute15_20240218.csv
164,164,1.0,0.256098,0.256098,0.344262,164,0,0,42,39,0,predictions_XAUUSD_Minute15_20240219.csv
184,184,1.0,0.23913,0.23913,0.314286,184,0,0,44,48,0,predictions_XAUUSD_Minute15_20240220.csv
184,184,1.0,0.271739,0.271739,0.373134,184,0,0,50,42,0,predictions_XAUUSD_Minute15_20240221.csv
184,178,0.967391,0.26087,0.258427,0.348485,178,0,0,46,43,0,predictions_XAUUSD_Minute15_20240222.csv
176,176,1.0,0.25,0.25,0.333333,176,0,0,44,43,0,predictions_XAUUSD_Minute15_20240223.csv
8,8,1.0,0.25,0.25,0.333333,8,0,0,2,2,0,predictions_XAUUSD_Minute15_20240225.csv
184,182,0.98913,0.233696,0.236264,0.309353,182,0,0,43,48,0,predictions_XAUUSD_Minute15_20240226.csv
184,184,1.0,0.244565,0.244565,0.323741,184,0,0,45,47,0,predictions_XAUUSD_Minute15_20240227.csv
184,184,1.0,0.26087,0.26087,0.352941,184,0,0,48,43,0,predictions_XAUUSD_Minute15_20240228.csv
184,184,1.0,0.244565,0.244565,0.323741,184,0,0,45,47,0,predictions_XAUUSD_Minute15_20240229.csv
176,170,0.965909,0.278409,0.270588,0.370968,170,0,0,46,39,0,predictions_XAUUSD_Minute15_20240301.csv
8,8,1.0,0.375,0.375,0.6,8,0,0,3,1,0,predictions_XAUUSD_Minute15_20240303.csv
184,174,0.945652,0.266304,0.270115,0.370079,174,0,0,47,40,0,predictions_XAUUSD_Minute15_20240304.csv
184,176,0.956522,0.271739,0.267045,0.364341,176,0,0,47,41,0,predictions_XAUUSD_Minute15_20240305.csv
184,158,0.858696,0.271739,0.272152,0.373913,158,0,0,43,36,0,predictions_XAUUSD_Minute15_20240306.csv
184,184,1.0,0.233696,0.233696,0.304965,184,0,0,43,49,0,predictions_XAUUSD_Minute15_20240307.csv
176,164,0.931818,0.25,0.256098,0.344262,164,0,0,42,39,0,predictions_XAUUSD_Minute15_20240308.csv
16,16,1.0,0.25,0.25,0.333333,16,0,0,4,4,0,predictions_XAUUSD_Minute15_20240310.csv
184,184,1.0,0.26087,0.26087,0.352941,184,0,0,48,44,0,predictions_XAUUSD_Minute15_20240311.csv
184,140,0.76087,0.222826,0.221429,0.284404,140,0,0,31,39,0,predictions_XAUUSD_Minute15_20240312.csv
184,176,0.956522,0.266304,0.267045,0.364341,176,0,0,47,41,0,predictions_XAUUSD_Minute15_20240313.csv
184,158,0.858696,0.206522,0.189873,0.234375,158,0,0,30,49,0,predictions_XAUUSD_Minute15_20240314.csv
168,138,0.821429,0.232143,0.224638,0.28972,138,0,0,31,38,0,predictions_XAUUSD_Minute15_20240315.csv
16,16,1.0,0.25,0.25,0.333333,16,0,0,4,4,0,predictions_XAUUSD_Minute15_20240317.csv
184,180,0.978261,0.288043,0.294444,0.417323,180,0,0,53,37,0,predictions_XAUUSD_Minute15_20240318.csv
184,156,0.847826,0.244565,0.262821,0.356522,156,0,0,41,37,0,predictions_XAUUSD_Minute15_20240319.csv
184,162,0.880435,0.282609,0.296296,0.421053,162,0,0,48,33,0,predictions_XAUUSD_Minute15_20240320.csv
184,184,1.0,0.255435,0.255435,0.343066,184,0,0,47,45,0,predictions_XAUUSD_Minute15_20240321.csv
168,148,0.880952,0.238095,0.22973,0.298246,148,0,0,34,40,0,predictions_XAUUSD_Minute15_20240322.csv
16,16,1.0,0.3125,0.3125,0.454545,16,0,0,5,3,0,predictions_XAUUSD_Minute15_20240324.csv
184,184,1.0,0.222826,0.222826,0.286713,184,0,0,41,50,0,predictions_XAUUSD_Minute15_20240325.csv
184,168,0.913043,0.255435,0.255952,0.344,168,0,0,43,41,0,predictions_XAUUSD_Minute15_20240326.csv
184,154,0.836957,0.255435,0.24026,0.316239,154,0,0,37,40,0,predictions_XAUUSD_Minute15_20240327.csv
168,150,0.892857,0.255952,0.246667,0.327434,150,0,0,37,38,0,predictions_XAUUSD_Minute15_20240328.csv
16,16,1.0,0.4375,0.4375,0.777778,16,0,0,7,1,0,predictions_XAUUSD_Minute15_20240331.csv
184,180,0.978261,0.266304,0.261111,0.353383,180,0,0,47,43,0,predictions_XAUUSD_Minute15_20240401.csv
184,154,0.836957,0.26087,0.266234,0.362832,154,0,0,41,35,0,predictions_XAUUSD_Minute15_20240402.csv
184,184,1.0,0.25,0.25,0.333333,184,0,0,46,46,0,predictions_XAUUSD_Minute15_20240403.csv
184,130,0.706522,0.25,0.276923,0.382979,130,0,0,36,29,0,predictions_XAUUSD_Minute15_20240404.csv
168,148,0.880952,0.291667,0.290541,0.409524,148,0,0,43,31,0,predictions_XAUUSD_Minute15_20240405.csv
16,16,1.0,0.125,0.125,0.142857,16,0,0,2,6,0,predictions_XAUUSD_Minute15_20240407.csv
184,184,1.0,0.25,0.25,0.333333,184,0,0,46,46,0,predictions_XAUUSD_Minute15_20240408.csv
184,158,0.858696,0.304348,0.316456,0.462963,158,0,0,50,29,0,predictions_XAUUSD_Minute15_20240409.csv
184,146,0.793478,0.288043,0.273973,0.377358,146,0,0,40,33,0,predictions_XAUUSD_Minute15_20240410.csv
184,168,0.913043,0.293478,0.297619,0.423729,168,0,0,50,34,0,predictions_XAUUSD_Minute15_20240411.csv
168,142,0.845238,0.244048,0.260563,0.352381,134,8,0,37,34,0,predictions_XAUUSD_Minute15_20240412.csv
16,16,1.0,0.375,0.375,0.6,16,0,0,6,2,0,predictions_XAUUSD_Minute15_20240414.csv
184,184,1.0,0.222826,0.222826,0.286713,184,0,0,41,51,0,predictions_XAUUSD_Minute15_20240415.csv
184,178,0.967391,0.271739,0.269663,0.369231,178,0,0,48,41,0,predictions_XAUUSD_Minute15_20240416.csv
184,166,0.902174,0.233696,0.23494,0.307087,166,0,0,39,44,0,predictions_XAUUSD_Minute15_20240417.csv
184,170,0.923913,0.271739,0.270588,0.370968,170,0,0,46,39,0,predictions_XAUUSD_Minute15_20240418.csv
168,150,0.892857,0.267857,0.273333,0.376147,150,0,0,41,34,0,predictions_XAUUSD_Minute15_20240419.csv
16,16,1.0,0.1875,0.1875,0.230769,16,0,0,3,4,0,predictions_XAUUSD_Minute15_20240421.csv
184,178,0.967391,0.222826,0.224719,0.289855,178,0,0,40,49,0,predictions_XAUUSD_Minute15_20240422.csv
184,162,0.880435,0.266304,0.259259,0.35,162,0,0,42,39,0,predictions_XAUUSD_Minute15_20240423.csv
184,168,0.913043,0.233696,0.22619,0.292308,168,0,0,38,46,0,predictions_XAUUSD_Minute15_20240424.csv
184,146,0.793478,0.288043,0.267123,0.364486,146,0,0,39,34,0,predictions_XAUUSD_Minute15_20240425.csv
168,140,0.833333,0.232143,0.207143,0.261261,140,0,0,29,41,0,predictions_XAUUSD_Minute15_20240426.csv
16,16,1.0,0.1875,0.1875,0.230769,16,0,0,3,5,0,predictions_XAUUSD_Minute15_20240428.csv
184,154,0.836957,0.266304,0.246753,0.327586,154,0,0,38,38,0,predictions_XAUUSD_Minute15_20240429.csv
184,158,0.858696,0.217391,0.227848,0.295082,158,0,0,36,43,0,predictions_XAUUSD_Minute15_20240430.csv
184,120,0.652174,0.244565,0.258333,0.348315,120,0,0,31,29,0,predictions_XAUUSD_Minute15_20240501.csv
184,146,0.793478,0.211957,0.239726,0.315315,146,0,0,35,38,0,predictions_XAUUSD_Minute15_20240502.csv
168,94,0.559524,0.291667,0.308511,0.446154,94,0,0,29,18,0,predictions_XAUUSD_Minute15_20240503.csv
16,16,1.0,0.125,0.125,0.142857,16,0,0,2,6,0,predictions_XAUUSD_Minute15_20240505.csv
184,174,0.945652,0.271739,0.275862,0.380952,174,0,0,48,39,0,predictions_XAUUSD_Minute15_20240506.csv
184,158,0.858696,0.244565,0.246835,0.327731,158,0,0,39,39,0,predictions_XAUUSD_Minute15_20240507.csv
184,150,0.815217,0.233696,0.22,0.282051,150,0,0,33,41,0,predictions_XAUUSD_Minute15_20240508.csv
184,102,0.554348,0.288043,0.313725,0.457143,102,0,0,32,19,0,predictions_XAUUSD_Minute15_20240509.csv
168,152,0.904762,0.297619,0.289474,0.407407,152,0,0,44,32,0,predictions_XAUUSD_Minute15_20240510.csv
16,16,1.0,0.3125,0.3125,0.454545,16,0,0,5,3,0,predictions_XAUUSD_Minute15_20240512.csv
184,138,0.75,0.222826,0.224638,0.28972,138,0,0,31,38,0,predictions_XAUUSD_Minute15_20240513.csv
184,132,0.717391,0.277174,0.265152,0.360825,132,0,0,35,31,0,predictions_XAUUSD_Minute15_20240514.csv
184,130,0.706522,0.282609,0.292308,0.413043,130,0,0,38,27,0,predictions_XAUUSD_Minute15_20240515.csv
184,164,0.891304,0.233696,0.22561,0.291339,164,0,0,37,44,0,predictions_XAUUSD_Minute15_20240516.csv
168,98,0.583333,0.279762,0.27551,0.380282,98,0,0,27,22,0,predictions_XAUUSD_Minute15_20240517.csv
16,16,1.0,0.25,0.25,0.333333,16,0,0,4,4,0,predictions_XAUUSD_Minute15_20240519.csv
184,184,1.0,0.255435,0.255435,0.343066,184,0,0,47,45,0,predictions_XAUUSD_Minute15_20240520.csv
184,166,0.902174,0.266304,0.259036,0.349593,166,0,0,43,40,0,predictions_XAUUSD_Minute15_20240521.csv
184,160,0.869565,0.25,0.25625,0.344538,160,0,0,41,39,0,predictions_XAUUSD_Minute15_20240522.csv
184,170,0.923913,0.206522,0.205882,0.259259,170,0,0,35,50,0,predictions_XAUUSD_Minute15_20240523.csv
168,154,0.916667,0.244048,0.233766,0.305085,154,0,0,36,40,0,predictions_XAUUSD_Minute15_20240524.csv
16,16,1.0,0.25,0.25,0.333333,16,0,0,4,4,0,predictions_XAUUSD_Minute15_20240526.csv
164,84,0.512195,0.237805,0.214286,0.272727,84,0,0,18,24,0,predictions_XAUUSD_Minute15_20240527.csv
184,140,0.76087,0.271739,0.278571,0.386139,140,0,0,39,31,0,predictions_XAUUSD_Minute15_20240528.csv
184,158,0.858696,0.25,0.253165,0.338983,158,0,0,40,39,0,predictions_XAUUSD_Minute15_20240529.csv
184,150,0.815217,0.25,0.26,0.351351,150,0,0,39,36,0,predictions_XAUUSD_Minute15_20240530.csv
168,126,0.75,0.220238,0.246032,0.326316,126,0,0,31,32,0,predictions_XAUUSD_Minute15_20240531.csv
16,16,1.0,0.125,0.125,0.142857,16,0,0,2,6,0,predictions_XAUUSD_Minute15_20240602.csv
184,174,0.945652,0.277174,0.281609,0.392,174,0,0,49,38,0,predictions_XAUUSD_Minute15_20240603.csv
184,164,0.891304,0.206522,0.189024,0.233083,164,0,0,31,50,0,predictions_XAUUSD_Minute15_20240604.csv
184,166,0.902174,0.271739,0.26506,0.360656,166,0,0,44,39,0,predictions_XAUUSD_Minute15_20240605.csv
184,156,0.847826,0.277174,0.288462,0.405405,156,0,0,45,33,0,predictions_XAUUSD_Minute15_20240606.csv
168,152,0.904762,0.232143,0.217105,0.277311,152,0,0,33,43,0,predictions_XAUUSD_Minute15_20240607.csv
16,16,1.0,0.4375,0.4375,0.777778,16,0,0,7,1,0,predictions_XAUUSD_Minute15_20240609.csv
184,174,0.945652,0.26087,0.258621,0.348837,174,0,0,45,42,0,predictions_XAUUSD_Minute15_20240610.csv
184,158,0.858696,0.25,0.259494,0.350427,158,0,0,41,38,0,predictions_XAUUSD_Minute15_20240611.csv
184,132,0.717391,0.25,0.227273,0.294118,132,0,0,30,35,0,predictions_XAUUSD_Minute15_20240612.csv
184,172,0.934783,0.25,0.255814,0.34375,172,0,0,44,42,0,predictions_XAUUSD_Minute15_20240613.csv
168,144,0.857143,0.291667,0.284722,0.398058,144,0,0,41,31,0,predictions_XAUUSD_Minute15_20240614.csv
16,16,1.0,0.125,0.125,0.142857,16,0,0,2,6,0,predictions_XAUUSD_Minute15_20240616.csv
184,160,0.869565,0.244565,0.25,0.333333,160,0,0,40,39,0,predictions_XAUUSD_Minute15_20240617.csv
184,164,0.891304,0.26087,0.262195,0.355372,164,0,0,43,38,0,predictions_XAUUSD_Minute15_20240618.csv
164,102,0.621951,0.256098,0.254902,0.342105,102,0,0,26,25,0,predictions_XAUUSD_Minute15_20240619.csv
184,152,0.826087,0.266304,0.282895,0.394495,152,0,0,43,33,0,predictions_XAUUSD_Minute15_20240620.csv
168,126,0.75,0.208333,0.190476,0.235294,126,0,0,24,39,0,predictions_XAUUSD_Minute15_20240621.csv
16,16,1.0,0.1875,0.1875,0.230769,16,0,0,3,5,0,predictions_XAUUSD_Minute15_20240623.csv
184,158,0.858696,0.23913,0.240506,0.316667,158,0,0,38,41,0,predictions_XAUUSD_Minute15_20240624.csv
184,158,0.858696,0.271739,0.265823,0.362069,158,0,0,42,37,0,predictions_XAUUSD_Minute15_20240625.csv
184,148,0.804348,0.222826,0.216216,0.275862,148,0,0,32,41,0,predictions_XAUUSD_Minute15_20240626.csv
184,146,0.793478,0.293478,0.308219,0.445545,146,0,0,45,28,0,predictions_XAUUSD_Minute15_20240627.csv
168,148,0.880952,0.255952,0.256757,0.345455,148,0,0,38,36,0,predictions_XAUUSD_Minute15_20240628.csv
16,16,1.0,0.25,0.25,0.333333,16,0,0,4,4,0,predictions_XAUUSD_Minute15_20240630.csv
184,158,0.858696,0.277174,0.265823,0.362069,158,0,0,42,37,0,predictions_XAUUSD_Minute15_20240701.csv
184,120,0.652174,0.228261,0.258333,0.348315,120,0,0,31,29,0,predictions_XAUUSD_Minute15_20240702.csv
184,122,0.663043,0.266304,0.262295,0.355556,122,0,0,32,28,0,predictions_XAUUSD_Minute15_20240703.csv
164,78,0.47561,0.243902,0.25641,0.344828,78,0,0,20,19,0,predictions_XAUUSD_Minute15_20240704.csv
168,132,0.785714,0.285714,0.280303,0.389474,132,0,0,37,29,0,predictions_XAUUSD_Minute15_20240705.csv
16,16,1.0,0.25,0.25,0.333333,16,0,0,4,4,0,predictions_XAUUSD_Minute15_20240707.csv
184,156,0.847826,0.23913,0.224359,0.289256,156,0,0,35,43,0,predictions_XAUUSD_Minute15_20240708.csv
184,144,0.782609,0.282609,0.291667,0.411765,144,0,0,42,30,0,predictions_XAUUSD_Minute15_20240709.csv
184,134,0.728261,0.255435,0.246269,0.326733,134,0,0,33,34,0,predictions_XAUUSD_Minute15_20240710.csv
184,120,0.652174,0.25,0.283333,0.395349,120,0,0,34,26,0,predictions_XAUUSD_Minute15_20240711.csv
168,146,0.869048,0.261905,0.267123,0.364486,146,0,0,39,34,0,predictions_XAUUSD_Minute15_20240712.csv
16,16,1.0,0.0625,0.0625,0.066667,16,0,0,1,7,0,predictions_XAUUSD_Minute15_20240714.csv
184,128,0.695652,0.255435,0.25,0.333333,128,0,0,32,32,0,predictions_XAUUSD_Minute15_20240715.csv
184,156,0.847826,0.309783,0.314103,0.457944,156,0,0,49,29,0,predictions_XAUUSD_Minute15_20240716.csv
184,164,0.891304,0.266304,0.262195,0.355372,164,0,0,43,39,0,predictions_XAUUSD_Minute15_20240717.csv
184,162,0.880435,0.222826,0.216049,0.275591,162,0,0,35,46,0,predictions_XAUUSD_Minute15_20240718.csv
168,162,0.964286,0.202381,0.209877,0.265625,162,0,0,34,47,0,predictions_XAUUSD_Minute15_20240719.csv
16,16,1.0,0.375,0.375,0.6,16,0,0,6,2,0,predictions_XAUUSD_Minute15_20240721.csv
184,158,0.858696,0.26087,0.272152,0.373913,158,0,0,43,36,0,predictions_XAUUSD_Minute15_20240722.csv
184,152,0.826087,0.298913,0.302632,0.433962,152,0,0,46,30,0,predictions_XAUUSD_Minute15_20240723.csv
184,154,0.836957,0.244565,0.220779,0.283333,154,0,0,34,42,0,predictions_XAUUSD_Minute15_20240724.csv
184,174,0.945652,0.206522,0.201149,0.251799,174,0,0,35,52,0,predictions_XAUUSD_Minute15_20240725.csv
168,156,0.928571,0.291667,0.301282,0.431193,156,0,0,47,31,0,predictions_XAUUSD_Minute15_20240726.csv
16,16,1.0,0.25,0.25,0.333333,16,0,0,4,4,0,predictions_XAUUSD_Minute15_20240728.csv
184,178,0.967391,0.271739,0.275281,0.379845,178,0,0,49,40,0,predictions_XAUUSD_Minute15_20240729.csv
184,166,0.902174,0.277174,0.26506,0.360656,166,0,0,44,38,0,predictions_XAUUSD_Minute15_20240730.csv
184,168,0.913043,0.266304,0.267857,0.365854,168,0,0,45,39,0,predictions_XAUUSD_Minute15_20240731.csv
184,184,1.0,0.228261,0.228261,0.295775,184,0,0,42,50,0,predictions_XAUUSD_Minute15_20240801.csv
168,154,0.916667,0.255952,0.253247,0.33913,154,0,0,39,38,0,predictions_XAUUSD_Minute15_20240802.csv
16,16,1.0,0.3125,0.3125,0.454545,16,0,0,5,3,0,predictions_XAUUSD_Minute15_20240804.csv
184,172,0.934783,0.228261,0.226744,0.293233,150,22,0,36,50,0,predictions_XAUUSD_Minute15_20240805.csv
184,178,0.967391,0.25,0.241573,0.318519,178,0,0,43,46,0,predictions_XAUUSD_Minute15_20240806.csv
184,178,0.967391,0.266304,0.258427,0.348485,178,0,0,46,43,0,predictions_XAUUSD_Minute15_20240807.csv
184,180,0.978261,0.26087,0.261111,0.353383,180,0,0,47,43,0,predictions_XAUUSD_Minute15_20240808.csv
168,152,0.904762,0.285714,0.276316,0.381818,152,0,0,42,33,0,predictions_XAUUSD_Minute15_20240809.csv
16,16,1.0,0.25,0.25,0.333333,16,0,0,4,4,0,predictions_XAUUSD_Minute15_20240811.csv
184,146,0.793478,0.315217,0.30137,0.431373,146,0,0,44,29,0,predictions_XAUUSD_Minute15_20240812.csv
184,164,0.891304,0.23913,0.237805,0.312,164,0,0,39,43,0,predictions_XAUUSD_Minute15_20240813.csv
184,158,0.858696,0.244565,0.259494,0.350427,158,0,0,41,38,0,predictions_XAUUSD_Minute15_20240814.csv
184,156,0.847826,0.26087,0.269231,0.368421,156,0,0,42,36,0,predictions_XAUUSD_Minute15_20240815.csv
168,150,0.892857,0.27381,0.266667,0.363636,150,0,0,40,35,0,predictions_XAUUSD_Minute15_20240816.csv
16,16,1.0,0.1875,0.1875,0.230769,16,0,0,3,5,0,predictions_XAUUSD_Minute15_20240818.csv
184,172,0.934783,0.233696,0.232558,0.30303,172,0,0,40,46,0,predictions_XAUUSD_Minute15_20240819.csv
184,158,0.858696,0.266304,0.278481,0.385965,158,0,0,44,34,0,predictions_XAUUSD_Minute15_20240820.csv
184,156,0.847826,0.23913,0.230769,0.3,156,0,0,36,42,0,predictions_XAUUSD_Minute15_20240821.csv
184,164,0.891304,0.23913,0.243902,0.322581,164,0,0,40,42,0,predictions_XAUUSD_Minute15_20240822.csv
168,150,0.892857,0.267857,0.273333,0.376147,150,0,0,41,34,0,predictions_XAUUSD_Minute15_20240823.csv
16,16,1.0,0.3125,0.3125,0.454545,16,0,0,5,3,0,predictions_XAUUSD_Minute15_20240825.csv
184,166,0.902174,0.266304,0.271084,0.371901,166,0,0,45,38,0,predictions_XAUUSD_Minute15_20240826.csv
184,160,0.869565,0.271739,0.275,0.37931,160,0,0,44,36,0,predictions_XAUUSD_Minute15_20240827.csv
184,152,0.826087,0.206522,0.210526,0.266667,152,0,0,32,44,0,predictions_XAUUSD_Minute15_20240828.csv
184,166,0.902174,0.266304,0.259036,0.349593,166,0,0,43,40,0,predictions_XAUUSD_Minute15_20240829.csv
168,142,0.845238,0.22619,0.204225,0.256637,142,0,0,29,42,0,predictions_XAUUSD_Minute15_20240830.csv
16,16,1.0,0.25,0.25,0.333333,16,0,0,4,4,0,predictions_XAUUSD_Minute15_20240901.csv
164,138,0.841463,0.237805,0.231884,0.301887,138,0,0,32,37,0,predictions_XAUUSD_Minute15_20240902.csv
184,150,0.815217,0.23913,0.24,0.315789,150,0,0,36,39,0,predictions_XAUUSD_Minute15_20240903.csv
184,162,0.880435,0.23913,0.228395,0.296,162,0,0,37,44,0,predictions_XAUUSD_Minute15_20240904.csv
184,150,0.815217,0.277174,0.28,0.388889,150,0,0,42,33,0,predictions_XAUUSD_Minute15_20240905.csv
168,114,0.678571,0.244048,0.219298,0.280899,114,0,0,25,32,0,predictions_XAUUSD_Minute15_20240906.csv
16,16,1.0,0.25,0.25,0.333333,16,0,0,4,4,0,predictions_XAUUSD_Minute15_20240908.csv
184,168,0.913043,0.277174,0.285714,0.4,168,0,0,48,36,0,predictions_XAUUSD_Minute15_20240909.csv
184,160,0.869565,0.277174,0.275,0.37931,160,0,0,44,36,0,predictions_XAUUSD_Minute15_20240910.csv
184,162,0.880435,0.255435,0.253086,0.338843,162,0,0,41,40,0,predictions_XAUUSD_Minute15_20240911.csv
184,164,0.891304,0.336957,0.329268,0.490909,164,0,0,54,28,0,predictions_XAUUSD_Minute15_20240912.csv
168,154,0.916667,0.291667,0.292208,0.412844,154,0,0,45,32,0,predictions_XAUUSD_Minute15_20240913.csv
16,16,1.0,0.3125,0.3125,0.454545,16,0,0,5,3,0,predictions_XAUUSD_Minute15_20240915.csv
184,112,0.608696,0.244565,0.25,0.333333,112,0,0,28,27,0,predictions_XAUUSD_Minute15_20240916.csv
184,106,0.576087,0.26087,0.273585,0.376623,106,0,0,29,24,0,predictions_XAUUSD_Minute15_20240917.csv
184,144,0.782609,0.244565,0.229167,0.297297,144,0,0,33,39,0,predictions_XAUUSD_Minute15_20240918.csv
184,180,0.978261,0.25,0.244444,0.323529,180,0,0,44,46,0,predictions_XAUUSD_Minute15_20240919.csv
168,114,0.678571,0.279762,0.245614,0.325581,114,0,0,28,29,0,predictions_XAUUSD_Minute15_20240920.csv
16,16,1.0,0.3125,0.3125,0.454545,16,0,0,5,3,0,predictions_XAUUSD_Minute15_20240922.csv
184,114,0.619565,0.222826,0.22807,0.295455,114,0,0,26,30,0,predictions_XAUUSD_Minute15_20240923.csv
184,138,0.75,0.277174,0.289855,0.408163,138,0,0,40,29,0,predictions_XAUUSD_Minute15_20240924.csv
184,120,0.652174,0.228261,0.241667,0.318681,120,0,0,29,31,0,predictions_XAUUSD_Minute15_20240925.csv
184,102,0.554348,0.282609,0.27451,0.378378,102,0,0,28,23,0,predictions_XAUUSD_Minute15_20240926.csv
168,110,0.654762,0.255952,0.245455,0.325301,110,0,0,27,28,0,predictions_XAUUSD_Minute15_20240927.csv
16,16,1.0,0.4375,0.4375,0.777778,16,0,0,7,1,0,predictions_XAUUSD_Minute15_20240929.csv
184,136,0.73913,0.271739,0.272059,0.373737,136,0,0,37,30,0,predictions_XAUUSD_Minute15_20240930.csv
184,116,0.630435,0.255435,0.267241,0.364706,116,0,0,31,27,0,predictions_XAUUSD_Minute15_20241001.csv
184,108,0.586957,0.26087,0.268519,0.367089,108,0,0,29,25,0,predictions_XAUUSD_Minute15_20241002.csv
184,100,0.543478,0.211957,0.22,0.282051,100,0,0,22,28,0,predictions_XAUUSD_Minute15_20241003.csv
168,54,0.321429,0.291667,0.388889,0.636364,54,0,0,21,6,0,predictions_XAUUSD_Minute15_20241004.csv
16,16,1.0,0.25,0.25,0.333333,16,0,0,4,4,0,predictions_XAUUSD_Minute15_20241006.csv
184,106,0.576087,0.206522,0.179245,0.218391,106,0,0,19,33,0,predictions_XAUUSD_Minute15_20241007.csv
184,142,0.771739,0.23913,0.246479,0.327103,142,0,0,35,36,0,predictions_XAUUSD_Minute15_20241008.csv
184,144,0.782609,0.233696,0.243056,0.321101,144,0,0,35,36,0,predictions_XAUUSD_Minute15_20241009.csv
184,136,0.73913,0.244565,0.227941,0.295238,136,0,0,31,37,0,predictions_XAUUSD_Minute15_20241010.csv
168,94,0.559524,0.27381,0.276596,0.382353,94,0,0,26,21,0,predictions_XAUUSD_Minute15_20241011.csv
16,16,1.0,0.25,0.25,0.333333,16,0,0,4,4,0,predictions_XAUUSD_Minute15_20241013.csv
184,86,0.467391,0.217391,0.244186,0.323077,86,0,0,21,21,0,predictions_XAUUSD_Minute15_20241014.csv
184,104,0.565217,0.282609,0.259615,0.350649,104,0,0,27,25,0,predictions_XAUUSD_Minute15_20241015.csv
184,116,0.630435,0.244565,0.258621,0.348837,116,0,0,30,28,0,predictions_XAUUSD_Minute15_20241016.csv
184,108,0.586957,0.266304,0.25,0.333333,102,6,0,30,24,0,predictions_XAUUSD_Minute15_20241017.csv
168,88,0.52381,0.291667,0.306818,0.442623,80,8,0,29,15,0,predictions_XAUUSD_Minute15_20241018.csv
16,16,1.0,0.3125,0.3125,0.454545,16,0,0,5,3,0,predictions_XAUUSD_Minute15_20241020.csv
184,80,0.434783,0.271739,0.2625,0.355932,80,0,0,21,19,0,predictions_XAUUSD_Minute15_20241021.csv
184,80,0.434783,0.271739,0.275,0.37931,62,18,0,19,20,0,predictions_XAUUSD_Minute15_20241022.csv
184,70,0.380435,0.255435,0.214286,0.272727,54,16,0,19,16,0,predictions_XAUUSD_Minute15_20241024.csv
168,68,0.404762,0.244048,0.220588,0.283019,40,28,0,21,13,0,predictions_XAUUSD_Minute15_20241025.csv
16,13,0.8125,0.375,0.384615,0.625,13,0,0,5,2,0,predictions_XAUUSD_Minute15_20241027.csv
184,37,0.201087,0.222826,0.216216,0.275862,37,0,0,8,10,0,predictions_XAUUSD_Minute15_20241028.csv
184,82,0.445652,0.26087,0.280488,0.389831,48,34,0,20,21,0,predictions_XAUUSD_Minute15_20241029.csv
184,100,0.543478,0.190217,0.19,0.234568,50,50,0,24,26,0,predictions_XAUUSD_Minute15_20241030.csv
184,110,0.597826,0.288043,0.263636,0.358025,46,64,0,27,28,0,predictions_XAUUSD_Minute15_20241031.csv
168,76,0.452381,0.232143,0.197368,0.245902,44,32,0,17,21,0,predictions_XAUUSD_Minute15_20241101.csv
8,8,1.0,0.375,0.375,0.6,8,0,0,3,1,0,predictions_XAUUSD_Minute15_20241103.csv
184,58,0.315217,0.244565,0.241379,0.318182,50,8,0,14,15,0,predictions_XAUUSD_Minute15_20241104.csv
184,70,0.380435,0.222826,0.228571,0.296296,42,28,0,18,17,0,predictions_XAUUSD_Minute15_20241105.csv
184,140,0.76087,0.23913,0.235714,0.308411,140,0,0,33,37,0,predictions_XAUUSD_Minute15_20241106.csv
184,142,0.771739,0.288043,0.302817,0.434343,142,0,0,43,28,0,predictions_XAUUSD_Minute15_20241107.csv
176,128,0.727273,0.232955,0.234375,0.306122,128,0,0,30,34,0,predictions_XAUUSD_Minute15_20241108.csv
8,8,1.0,0.125,0.125,0.142857,8,0,0,1,3,0,predictions_XAUUSD_Minute15_20241110.csv
184,108,0.586957,0.244565,0.240741,0.317073,108,0,0,26,28,0,predictions_XAUUSD_Minute15_20241111.csv
184,136,0.73913,0.277174,0.279412,0.387755,136,0,0,38,30,0,predictions_XAUUSD_Minute15_20241112.csv
184,152,0.826087,0.25,0.256579,0.345133,152,0,0,39,36,0,predictions_XAUUSD_Minute15_20241113.csv
184,180,0.978261,0.25,0.25,0.333333,180,0,0,45,45,0,predictions_XAUUSD_Minute15_20241114.csv
176,150,0.852273,0.25,0.26,0.351351,150,0,0,39,36,0,predictions_XAUUSD_Minute15_20241115.csv
8,8,1.0,0.5,0.5,1.0,8,0,0,4,0,0,predictions_XAUUSD_Minute15_20241117.csv
184,162,0.880435,0.288043,0.283951,0.396552,162,0,0,46,35,0,predictions_XAUUSD_Minute15_20241118.csv
184,144,0.782609,0.293478,0.291667,0.411765,144,0,0,42,30,0,predictions_XAUUSD_Minute15_20241119.csv
184,130,0.706522,0.282609,0.307692,0.444444,130,0,0,40,25,0,predictions_XAUUSD_Minute15_20241120.csv
184,122,0.663043,0.271739,0.270492,0.370787,122,0,0,33,28,0,predictions_XAUUSD_Minute15_20241121.csv
176,114,0.647727,0.289773,0.280702,0.390244,114,0,0,32,24,0,predictions_XAUUSD_Minute15_20241122.csv
8,8,1.0,0.25,0.25,0.333333,8,0,0,2,2,0,predictions_XAUUSD_Minute15_20241124.csv
184,146,0.793478,0.25,0.253425,0.33945,146,0,0,37,35,0,predictions_XAUUSD_Minute15_20241125.csv
184,170,0.923913,0.26087,0.276471,0.382114,170,0,0,47,37,0,predictions_XAUUSD_Minute15_20241126.csv
184,138,0.75,0.222826,0.231884,0.301887,138,0,0,32,37,0,predictions_XAUUSD_Minute15_20241127.csv
164,88,0.536585,0.231707,0.25,0.333333,88,0,0,22,22,0,predictions_XAUUSD_Minute15_20241128.csv
158,100,0.632911,0.227848,0.22,0.282051,100,0,0,22,28,0,predictions_XAUUSD_Minute15_20241129.csv
8,8,1.0,0.125,0.125,0.142857,8,0,0,1,3,0,predictions_XAUUSD_Minute15_20241201.csv
184,168,0.913043,0.233696,0.238095,0.3125,168,0,0,40,44,0,predictions_XAUUSD_Minute15_20241202.csv
184,126,0.684783,0.255435,0.230159,0.298969,126,0,0,29,34,0,predictions_XAUUSD_Minute15_20241203.csv
184,132,0.717391,0.228261,0.219697,0.281553,132,0,0,29,37,0,predictions_XAUUSD_Minute15_20241204.csv
184,98,0.532609,0.228261,0.22449,0.289474,98,0,0,22,27,0,predictions_XAUUSD_Minute15_20241205.csv
176,138,0.784091,0.267045,0.231884,0.301887,138,0,0,32,37,0,predictions_XAUUSD_Minute15_20241206.csv
8,8,1.0,0.25,0.25,0.333333,8,0,0,2,2,0,predictions_XAUUSD_Minute15_20241208.csv
184,150,0.815217,0.277174,0.293333,0.415094,150,0,0,44,31,0,predictions_XAUUSD_Minute15_20241209.csv
184,106,0.576087,0.282609,0.283019,0.394737,106,0,0,30,23,0,predictions_XAUUSD_Minute15_20241210.csv
184,128,0.695652,0.298913,0.304688,0.438202,126,2,0,38,26,0,predictions_XAUUSD_Minute15_20241211.csv
184,70,0.380435,0.217391,0.271429,0.372549,60,10,0,20,15,0,predictions_XAUUSD_Minute15_20241212.csv
176,106,0.602273,0.232955,0.226415,0.292683,106,0,0,24,29,0,predictions_XAUUSD_Minute15_20241213.csv
8,8,1.0,0.375,0.375,0.6,8,0,0,3,1,0,predictions_XAUUSD_Minute15_20241215.csv
184,72,0.391304,0.244565,0.263889,0.358491,72,0,0,19,17,0,predictions_XAUUSD_Minute15_20241216.csv
184,106,0.576087,0.266304,0.264151,0.358974,106,0,0,28,25,0,predictions_XAUUSD_Minute15_20241217.csv
184,86,0.467391,0.228261,0.232558,0.30303,86,0,0,20,23,0,predictions_XAUUSD_Minute15_20241218.csv
184,172,0.934783,0.233696,0.232558,0.30303,172,0,0,40,46,0,predictions_XAUUSD_Minute15_20241219.csv
176,142,0.806818,0.272727,0.288732,0.405941,142,0,0,41,30,0,predictions_XAUUSD_Minute15_20241220.csv
8,8,1.0,0.375,0.375,0.6,8,0,0,3,1,0,predictions_XAUUSD_Minute15_20241222.csv
184,132,0.717391,0.233696,0.227273,0.294118,132,0,0,30,36,0,predictions_XAUUSD_Minute15_20241223.csv
150,20,0.133333,0.226667,0.25,0.333333,20,0,0,5,5,0,predictions_XAUUSD_Minute15_20241224.csv
8,8,1.0,0.25,0.25,0.333333,8,0,0,2,2,0,predictions_XAUUSD_Minute15_20241225.csv
184,70,0.380435,0.282609,0.314286,0.458333,70,0,0,22,13,0,predictions_XAUUSD_Minute15_20241226.csv
176,46,0.261364,0.215909,0.26087,0.352941,46,0,0,12,11,0,predictions_XAUUSD_Minute15_20241227.csv
8,8,1.0,0.5,0.5,1.0,8,0,0,4,0,0,predictions_XAUUSD_Minute15_20241229.csv
184,52,0.282609,0.211957,0.269231,0.368421,52,0,0,14,12,0,predictions_XAUUSD_Minute15_20241230.csv
176,62,0.352273,0.25,0.225806,0.291667,62,0,0,14,17,0,predictions_XAUUSD_Minute15_20241231.csv
8,8,1.0,0.125,0.125,0.142857,8,0,0,1,3,0,predictions_XAUUSD_Minute15_20250101.csv
184,90,0.48913,0.277174,0.288889,0.40625,90,0,0,26,19,0,predictions_XAUUSD_Minute15_20250102.csv
176,52,0.295455,0.25,0.25,0.333333,52,0,0,13,13,0,predictions_XAUUSD_Minute15_20250103.csv
8,8,1.0,0.5,0.5,1.0,8,0,0,4,0,0,predictions_XAUUSD_Minute15_20250105.csv
184,96,0.521739,0.244565,0.229167,0.297297,96,0,0,22,25,0,predictions_XAUUSD_Minute15_20250106.csv
184,82,0.445652,0.282609,0.292683,0.413793,82,0,0,24,17,0,predictions_XAUUSD_Minute15_20250107.csv
184,76,0.413043,0.26087,0.289474,0.407407,76,0,0,22,16,0,predictions_XAUUSD_Minute15_20250108.csv
184,70,0.380435,0.222826,0.242857,0.320755,70,0,0,17,18,0,predictions_XAUUSD_Minute15_20250109.csv
176,64,0.363636,0.238636,0.21875,0.28,64,0,0,14,18,0,predictions_XAUUSD_Minute15_20250110.csv
8,8,1.0,0.25,0.25,0.333333,8,0,0,2,2,0,predictions_XAUUSD_Minute15_20250112.csv
184,110,0.597826,0.222826,0.254545,0.341463,110,0,0,28,27,0,predictions_XAUUSD_Minute15_20250113.csv
184,76,0.413043,0.266304,0.289474,0.407407,76,0,0,22,16,0,predictions_XAUUSD_Minute15_20250114.csv
184,64,0.347826,0.233696,0.265625,0.361702,64,0,0,17,15,0,predictions_XAUUSD_Minute15_20250115.csv
184,58,0.315217,0.266304,0.206897,0.26087,58,0,0,12,17,0,predictions_XAUUSD_Minute15_20250116.csv
176,58,0.329545,0.289773,0.241379,0.318182,46,12,0,12,17,0,predictions_XAUUSD_Minute15_20250117.csv
6,6,1.0,0.166667,0.166667,0.2,6,0,0,1,2,0,predictions_XAUUSD_Minute15_20250119.csv
164,30,0.182927,0.243902,0.266667,0.363636,30,0,0,8,7,0,predictions_XAUUSD_Minute15_20250120.csv
184,108,0.586957,0.277174,0.287037,0.402597,108,0,0,31,23,0,predictions_XAUUSD_Minute15_20250121.csv
184,68,0.369565,0.25,0.220588,0.283019,40,28,0,19,15,0,predictions_XAUUSD_Minute15_20250122.csv
184,102,0.554348,0.255435,0.22549,0.291139,50,52,0,25,26,0,predictions_XAUUSD_Minute15_20250123.csv
176,52,0.295455,0.221591,0.192308,0.238095,36,16,0,12,14,0,predictions_XAUUSD_Minute15_20250124.csv
8,8,1.0,0.125,0.125,0.142857,8,0,0,1,3,0,predictions_XAUUSD_Minute15_20250126.csv
184,118,0.641304,0.282609,0.271186,0.372093,82,36,0,24,35,0,predictions_XAUUSD_Minute15_20250127.csv
184,66,0.358696,0.206522,0.242424,0.32,26,40,0,16,17,0,predictions_XAUUSD_Minute15_20250128.csv
184,122,0.663043,0.26087,0.262295,0.355556,46,76,0,30,30,0,predictions_XAUUSD_Minute15_20250129.csv
184,112,0.608696,0.25,0.232143,0.302326,42,70,0,34,21,0,predictions_XAUUSD_Minute15_20250130.csv
176,104,0.590909,0.232955,0.269231,0.368421,26,78,0,27,25,0,predictions_XAUUSD_Minute15_20250131.csv
8,8,1.0,0.375,0.375,0.6,8,0,0,3,1,0,predictions_XAUUSD_Minute15_20250202.csv
184,62,0.336957,0.282609,0.209677,0.265306,62,0,0,13,18,0,predictions_XAUUSD_Minute15_20250203.csv
184,91,0.494565,0.271739,0.21978,0.28169,49,42,0,25,21,0,predictions_XAUUSD_Minute15_20250204.csv
184,118,0.641304,0.233696,0.262712,0.356322,28,90,0,30,29,0,predictions_XAUUSD_Minute15_20250205.csv
184,104,0.565217,0.271739,0.240385,0.316456,18,86,0,26,26,0,predictions_XAUUSD_Minute15_20250206.csv
176,137,0.778409,0.244318,0.240876,0.317308,27,110,0,32,36,0,predictions_XAUUSD_Minute15_20250207.csv
8,5,0.625,0.5,0.6,1.5,5,0,0,3,0,0,predictions_XAUUSD_Minute15_20250209.csv
184,98,0.532609,0.206522,0.183673,0.225,0,98,0,31,18,0,predictions_XAUUSD_Minute15_20250210.csv
184,80,0.434783,0.282609,0.2375,0.311475,30,50,0,22,18,0,predictions_XAUUSD_Minute15_20250211.csv
184,124,0.673913,0.23913,0.241935,0.319149,20,104,0,32,30,0,predictions_XAUUSD_Minute15_20250212.csv
184,130,0.706522,0.228261,0.223077,0.287129,0,130,0,36,29,0,predictions_XAUUSD_Minute15_20250213.csv
176,147,0.835227,0.255682,0.231293,0.300885,27,120,0,36,37,0,predictions_XAUUSD_Minute15_20250214.csv
8,7,0.875,0.25,0.285714,0.4,7,0,0,2,2,0,predictions_XAUUSD_Minute15_20250216.csv
164,138,0.841463,0.243902,0.253623,0.339806,0,138,0,34,35,0,predictions_XAUUSD_Minute15_20250217.csv
184,136,0.73913,0.217391,0.213235,0.271028,0,136,0,39,29,0,predictions_XAUUSD_Minute15_20250218.csv
184,132,0.717391,0.271739,0.25,0.333333,0,132,0,33,33,0,predictions_XAUUSD_Minute15_20250219.csv
184,114,0.619565,0.23913,0.254386,0.341176,0,114,0,28,29,0,predictions_XAUUSD_Minute15_20250220.csv
176,138,0.784091,0.232955,0.23913,0.314286,0,138,0,35,33,0,predictions_XAUUSD_Minute15_20250221.csv
8,0,0.0,0.25,0.0,0.0,0,0,0,0,0,0,predictions_XAUUSD_Minute15_20250223.csv
184,144,0.782609,0.255435,0.243056,0.321101,0,144,0,37,35,0,predictions_XAUUSD_Minute15_20250224.csv
184,144,0.782609,0.266304,0.236111,0.309091,36,108,0,36,36,0,predictions_XAUUSD_Minute15_20250225.csv
184,134,0.728261,0.25,0.276119,0.381443,0,134,0,30,37,0,predictions_XAUUSD_Minute15_20250226.csv
184,116,0.630435,0.26087,0.267241,0.364706,22,94,0,24,34,0,predictions_XAUUSD_Minute15_20250227.csv
176,75,0.426136,0.272727,0.32,0.470588,27,48,0,17,19,0,predictions_XAUUSD_Minute15_20250228.csv
8,5,0.625,0.375,0.4,0.666667,5,0,0,2,1,0,predictions_XAUUSD_Minute15_20250302.csv
184,130,0.706522,0.244565,0.238462,0.313131,0,130,0,34,31,0,predictions_XAUUSD_Minute15_20250303.csv
184,112,0.608696,0.26087,0.267857,0.365854,14,98,0,31,25,0,predictions_XAUUSD_Minute15_20250304.csv
184,134,0.728261,0.233696,0.238806,0.313725,36,98,0,33,34,0,predictions_XAUUSD_Minute15_20250305.csv
184,130,0.706522,0.266304,0.269231,0.368421,48,82,0,30,35,0,predictions_XAUUSD_Minute15_20250306.csv
176,131,0.744318,0.25,0.259542,0.350515,31,100,0,34,31,0,predictions_XAUUSD_Minute15_20250307.csv
16,7,0.4375,0.375,0.428571,0.75,7,0,0,3,1,0,predictions_XAUUSD_Minute15_20250309.csv
184,124,0.673913,0.222826,0.233871,0.305263,28,96,0,29,33,0,predictions_XAUUSD_Minute15_20250310.csv
184,126,0.684783,0.244565,0.214286,0.272727,0,126,0,36,27,0,predictions_XAUUSD_Minute15_20250311.csv
184,136,0.73913,0.228261,0.205882,0.259259,12,124,0,38,30,0,predictions_XAUUSD_Minute15_20250312.csv
184,140,0.76087,0.201087,0.2,0.25,14,126,0,42,26,0,predictions_XAUUSD_Minute15_20250313.csv
168,120,0.714286,0.238095,0.241667,0.318681,0,120,0,31,29,0,predictions_XAUUSD_Minute15_20250314.csv
16,3,0.1875,0.1875,0.333333,0.5,0,3,0,0,1,0,predictions_XAUUSD_Minute15_20250316.csv
184,149,0.809783,0.222826,0.234899,0.307018,0,149,0,40,35,0,predictions_XAUUSD_Minute15_20250317.csv
184,147,0.798913,0.217391,0.204082,0.25641,0,147,0,43,30,0,predictions_XAUUSD_Minute15_20250318.csv
184,184,1.0,0.244565,0.244565,0.323741,0,184,0,47,45,0,predictions_XAUUSD_Minute15_20250319.csv
184,158,0.858696,0.244565,0.253165,0.338983,0,158,0,38,40,0,predictions_XAUUSD_Minute15_20250320.csv
168,149,0.886905,0.285714,0.295302,0.419048,0,149,0,31,44,0,predictions_XAUUSD_Minute15_20250321.csv
16,7,0.4375,0.1875,0.285714,0.4,0,7,0,1,2,0,predictions_XAUUSD_Minute15_20250323.csv
184,158,0.858696,0.26087,0.265823,0.362069,0,158,0,36,42,0,predictions_XAUUSD_Minute15_20250324.csv
184,164,0.891304,0.23913,0.243902,0.322581,0,164,0,41,40,0,predictions_XAUUSD_Minute15_20250325.csv
184,184,1.0,0.25,0.25,0.333333,0,184,0,46,46,0,predictions_XAUUSD_Minute15_20250326.csv
184,123,0.668478,0.206522,0.195122,0.242424,0,123,0,38,24,0,predictions_XAUUSD_Minute15_20250327.csv
168,146,0.869048,0.238095,0.253425,0.33945,0,146,0,36,37,0,predictions_XAUUSD_Minute15_20250328.csv
16,9,0.5625,0.1875,0.222222,0.285714,0,9,0,1,2,0,predictions_XAUUSD_Minute15_20250330.csv
184,148,0.804348,0.228261,0.216216,0.275862,0,148,0,42,32,0,predictions_XAUUSD_Minute15_20250331.csv
184,149,0.809783,0.206522,0.201342,0.252101,0,149,0,44,30,0,predictions_XAUUSD_Minute15_20250401.csv
184,183,0.994565,0.25,0.251366,0.335766,0,183,0,45,46,0,predictions_XAUUSD_Minute15_20250402.csv
184,142,0.771739,0.277174,0.28169,0.392157,44,98,0,29,42,0,predictions_XAUUSD_Minute15_20250403.csv
168,142,0.845238,0.279762,0.295775,0.42,41,101,0,33,38,0,predictions_XAUUSD_Minute15_20250404.csv
16,9,0.5625,0.1875,0.222222,0.285714,9,0,0,2,3,0,predictions_XAUUSD_Minute15_20250406.csv
184,83,0.451087,0.244565,0.204819,0.257576,83,0,0,17,24,0,predictions_XAUUSD_Minute15_20250407.csv
184,137,0.744565,0.271739,0.255474,0.343137,41,96,0,37,32,0,predictions_XAUUSD_Minute15_20250408.csv
184,62,0.336957,0.244565,0.209677,0.265306,34,28,0,17,14,0,predictions_XAUUSD_Minute15_20250409.csv
184,73,0.396739,0.228261,0.205479,0.258621,0,73,0,21,15,0,predictions_XAUUSD_Minute15_20250410.csv
168,103,0.613095,0.22619,0.252427,0.337662,0,103,0,26,26,0,predictions_XAUUSD_Minute15_20250411.csv
16,11,0.6875,0.25,0.181818,0.222222,0,11,0,3,2,0,predictions_XAUUSD_Minute15_20250413.csv
184,164,0.891304,0.277174,0.27439,0.378151,0,164,0,37,45,0,predictions_XAUUSD_Minute15_20250414.csv
184,184,1.0,0.222826,0.222826,0.286713,0,184,0,51,41,0,predictions_XAUUSD_Minute15_20250415.csv
184,170,0.923913,0.184783,0.182353,0.223022,0,170,0,54,31,0,predictions_XAUUSD_Minute15_20250416.csv
168,148,0.880952,0.261905,0.263514,0.357798,0,148,0,35,39,0,predictions_XAUUSD_Minute15_20250417.csv
16,16,1.0,0.125,0.125,0.142857,0,16,0,6,2,0,predictions_XAUUSD_Minute15_20250420.csv
184,172,0.934783,0.168478,0.162791,0.194444,0,172,0,58,28,0,predictions_XAUUSD_Minute15_20250421.csv
184,141,0.766304,0.23913,0.234043,0.305556,0,141,0,38,33,0,predictions_XAUUSD_Minute15_20250422.csv
184,121,0.657609,0.25,0.272727,0.375,0,121,0,27,33,0,predictions_XAUUSD_Minute15_20250423.csv
184,170,0.923913,0.255435,0.264706,0.36,0,170,0,40,45,0,predictions_XAUUSD_Minute15_20250424.csv
168,154,0.916667,0.267857,0.272727,0.375,0,154,0,35,42,0,predictions_XAUUSD_Minute15_20250425.csv
16,16,1.0,0.375,0.375,0.6,0,16,0,2,6,0,predictions_XAUUSD_Minute15_20250427.csv
184,176,0.956522,0.233696,0.227273,0.294118,0,176,0,48,40,0,predictions_XAUUSD_Minute15_20250428.csv
184,184,1.0,0.26087,0.26087,0.352941,0,184,0,44,48,0,predictions_XAUUSD_Minute15_20250429.csv
184,170,0.923913,0.277174,0.270588,0.370968,0,170,0,39,46,0,predictions_XAUUSD_Minute15_20250430.csv
184,166,0.902174,0.26087,0.26506,0.360656,0,166,0,39,44,0,predictions_XAUUSD_Minute15_20250501.csv
168,145,0.863095,0.220238,0.227586,0.294643,0,145,0,39,33,0,predictions_XAUUSD_Minute15_20250502.csv
16,3,0.1875,0.125,0.0,0.0,0,3,0,1,0,0,predictions_XAUUSD_Minute15_20250504.csv
184,184,1.0,0.228261,0.228261,0.295775,0,184,0,50,42,0,predictions_XAUUSD_Minute15_20250505.csv
184,172,0.934783,0.244565,0.244186,0.323077,0,172,0,43,42,0,predictions_XAUUSD_Minute15_20250506.csv
184,184,1.0,0.233696,0.233696,0.304965,0,184,0,49,43,0,predictions_XAUUSD_Minute15_20250507.csv
184,156,0.847826,0.271739,0.294872,0.418182,0,156,0,32,46,0,predictions_XAUUSD_Minute15_20250508.csv
168,168,1.0,0.261905,0.261905,0.354839,0,168,0,40,44,0,predictions_XAUUSD_Minute15_20250509.csv
16,16,1.0,0.3125,0.3125,0.454545,0,16,0,3,5,0,predictions_XAUUSD_Minute15_20250511.csv
184,116,0.630435,0.288043,0.284483,0.39759,0,116,0,25,33,0,predictions_XAUUSD_Minute15_20250512.csv
184,166,0.902174,0.233696,0.246988,0.328,0,166,0,42,41,0,predictions_XAUUSD_Minute15_20250513.csv
184,136,0.73913,0.309783,0.301471,0.431579,6,130,0,24,44,0,predictions_XAUUSD_Minute15_20250514.csv
184,116,0.630435,0.211957,0.25,0.333333,0,116,0,29,29,0,predictions_XAUUSD_Minute15_20250515.csv
168,126,0.75,0.25,0.277778,0.384615,0,126,0,28,35,0,predictions_XAUUSD_Minute15_20250516.csv
16,16,1.0,0.125,0.125,0.142857,0,16,0,6,2,0,predictions_XAUUSD_Minute15_20250518.csv
184,184,1.0,0.255435,0.255435,0.343066,0,184,0,45,47,0,predictions_XAUUSD_Minute15_20250519.csv
184,170,0.923913,0.222826,0.229412,0.29771,0,170,0,46,39,0,predictions_XAUUSD_Minute15_20250520.csv
184,172,0.934783,0.228261,0.22093,0.283582,0,172,0,48,38,0,predictions_XAUUSD_Minute15_20250521.csv
184,146,0.793478,0.271739,0.280822,0.390476,0,146,0,32,41,0,predictions_XAUUSD_Minute15_20250522.csv
168,144,0.857143,0.202381,0.194444,0.241379,0,144,0,43,28,0,predictions_XAUUSD_Minute15_20250523.csv
16,16,1.0,0.3125,0.3125,0.454545,0,16,0,3,5,0,predictions_XAUUSD_Minute15_20250525.csv
164,164,1.0,0.25,0.25,0.333333,0,164,0,41,41,0,predictions_XAUUSD_Minute15_20250526.csv
184,184,1.0,0.255435,0.255435,0.343066,0,184,0,45,47,0,predictions_XAUUSD_Minute15_20250527.csv
184,184,1.0,0.244565,0.244565,0.323741,0,184,0,46,45,0,predictions_XAUUSD_Minute15_20250528.csv
184,178,0.967391,0.211957,0.213483,0.271429,0,178,0,51,38,0,predictions_XAUUSD_Minute15_20250529.csv
168,152,0.904762,0.267857,0.263158,0.357143,0,152,0,36,40,0,predictions_XAUUSD_Minute15_20250530.csv
16,16,1.0,0.1875,0.1875,0.230769,0,16,0,5,3,0,predictions_XAUUSD_Minute15_20250601.csv
184,178,0.967391,0.217391,0.219101,0.280576,0,178,0,50,39,0,predictions_XAUUSD_Minute15_20250602.csv
184,184,1.0,0.228261,0.228261,0.295775,0,184,0,50,42,0,predictions_XAUUSD_Minute15_20250603.csv
184,184,1.0,0.277174,0.277174,0.383459,0,184,0,41,51,0,predictions_XAUUSD_Minute15_20250604.csv
184,148,0.804348,0.255435,0.256757,0.345455,0,148,0,36,38,0,predictions_XAUUSD_Minute15_20250605.csv
168,145,0.863095,0.255952,0.268966,0.367925,0,145,0,33,39,0,predictions_XAUUSD_Minute15_20250606.csv
16,15,0.9375,0.25,0.266667,0.363636,0,15,0,3,4,0,predictions_XAUUSD_Minute15_20250608.csv
184,184,1.0,0.228261,0.228261,0.295775,0,184,0,50,42,0,predictions_XAUUSD_Minute15_20250609.csv
184,184,1.0,0.233696,0.233696,0.304965,0,184,0,49,43,0,predictions_XAUUSD_Minute15_20250610.csv
184,166,0.902174,0.222826,0.23494,0.307087,0,166,0,44,39,0,predictions_XAUUSD_Minute15_20250611.csv
184,166,0.902174,0.233696,0.240964,0.31746,0,166,0,43,40,0,predictions_XAUUSD_Minute15_20250612.csv
168,150,0.892857,0.190476,0.18,0.219512,0,150,0,48,27,0,predictions_XAUUSD_Minute15_20250613.csv
16,16,1.0,0.25,0.25,0.333333,0,16,0,4,4,0,predictions_XAUUSD_Minute15_20250615.csv
184,184,1.0,0.277174,0.277174,0.383459,0,184,0,41,51,0,predictions_XAUUSD_Minute15_20250616.csv
184,172,0.934783,0.228261,0.226744,0.293233,0,172,0,47,39,0,predictions_XAUUSD_Minute15_20250617.csv
184,184,1.0,0.266304,0.266304,0.362963,0,184,0,43,49,0,predictions_XAUUSD_Minute15_20250618.csv
164,164,1.0,0.268293,0.268293,0.366667,0,164,0,38,44,0,predictions_XAUUSD_Minute15_20250619.csv
168,168,1.0,0.267857,0.267857,0.365854,0,168,0,39,45,0,predictions_XAUUSD_Minute15_20250620.csv
16,16,1.0,0.3125,0.3125,0.454545,0,16,0,3,5,0,predictions_XAUUSD_Minute15_20250622.csv
184,184,1.0,0.266304,0.266304,0.362963,0,184,0,43,49,0,predictions_XAUUSD_Minute15_20250623.csv
184,184,1.0,0.266304,0.266304,0.362963,0,184,0,43,49,0,predictions_XAUUSD_Minute15_20250624.csv
184,184,1.0,0.211957,0.211957,0.268966,0,184,0,53,39,0,predictions_XAUUSD_Minute15_20250625.csv
184,184,1.0,0.26087,0.26087,0.352941,0,184,0,44,48,0,predictions_XAUUSD_Minute15_20250626.csv
168,152,0.904762,0.315476,0.309211,0.447619,0,152,0,29,47,0,predictions_XAUUSD_Minute15_20250627.csv
16,16,1.0,0.1875,0.1875,0.230769,0,16,0,5,3,0,predictions_XAUUSD_Minute15_20250629.csv
184,184,1.0,0.206522,0.206522,0.260274,0,184,0,54,38,0,predictions_XAUUSD_Minute15_20250630.csv
184,184,1.0,0.211957,0.211957,0.268966,0,184,0,53,39,0,predictions_XAUUSD_Minute15_20250701.csv
184,184,1.0,0.233696,0.233696,0.304965,0,184,0,49,43,0,predictions_XAUUSD_Minute15_20250702.csv
184,184,1.0,0.244565,0.244565,0.323741,0,184,0,46,45,0,predictions_XAUUSD_Minute15_20250703.csv
136,136,1.0,0.227941,0.227941,0.295238,0,136,0,37,31,0,predictions_XAUUSD_Minute15_20250704.csv
16,16,1.0,0.3125,0.3125,0.454545,0,16,0,3,5,0,predictions_XAUUSD_Minute15_20250706.csv
184,184,1.0,0.228261,0.228261,0.295775,0,184,0,50,42,0,predictions_XAUUSD_Minute15_20250707.csv
184,184,1.0,0.282609,0.282609,0.393939,0,184,0,40,52,0,predictions_XAUUSD_Minute15_20250708.csv
184,184,1.0,0.228261,0.228261,0.295775,0,184,0,50,42,0,predictions_XAUUSD_Minute15_20250709.csv
184,184,1.0,0.217391,0.217391,0.277778,0,184,0,52,40,0,predictions_XAUUSD_Minute15_20250710.csv
168,168,1.0,0.202381,0.202381,0.253731,0,168,0,50,34,0,predictions_XAUUSD_Minute15_20250711.csv
16,16,1.0,0.1875,0.1875,0.230769,0,16,0,5,3,0,predictions_XAUUSD_Minute15_20250713.csv
184,184,1.0,0.233696,0.233696,0.304965,0,184,0,49,43,0,predictions_XAUUSD_Minute15_20250714.csv
184,184,1.0,0.26087,0.26087,0.352941,0,184,0,44,48,0,predictions_XAUUSD_Minute15_20250715.csv
184,168,0.913043,0.244565,0.244048,0.322835,0,168,0,43,41,0,predictions_XAUUSD_Minute15_20250716.csv
184,184,1.0,0.244565,0.244565,0.323741,0,184,0,47,45,0,predictions_XAUUSD_Minute15_20250717.csv
168,168,1.0,0.27381,0.27381,0.377049,0,168,0,38,46,0,predictions_XAUUSD_Minute15_20250718.csv
16,16,1.0,0.25,0.25,0.333333,0,16,0,4,4,0,predictions_XAUUSD_Minute15_20250720.csv
184,184,1.0,0.228261,0.228261,0.295775,0,184,0,50,42,0,predictions_XAUUSD_Minute15_20250721.csv
184,184,1.0,0.217391,0.217391,0.277778,0,184,0,52,40,0,predictions_XAUUSD_Minute15_20250722.csv
184,184,1.0,0.277174,0.277174,0.383459,0,184,0,40,51,0,predictions_XAUUSD_Minute15_20250723.csv
184,184,1.0,0.266304,0.266304,0.362963,0,184,0,43,49,0,predictions_XAUUSD_Minute15_20250724.csv
168,168,1.0,0.261905,0.261905,0.354839,0,168,0,40,44,0,predictions_XAUUSD_Minute15_20250725.csv
16,16,1.0,0.3125,0.3125,0.454545,0,16,0,3,5,0,predictions_XAUUSD_Minute15_20250727.csv
184,184,1.0,0.25,0.25,0.333333,0,184,0,46,46,0,predictions_XAUUSD_Minute15_20250728.csv
184,184,1.0,0.23913,0.23913,0.314286,0,184,0,48,44,0,predictions_XAUUSD_Minute15_20250729.csv
184,184,1.0,0.26087,0.26087,0.352941,0,184,0,44,48,0,predictions_XAUUSD_Minute15_20250730.csv
184,184,1.0,0.228261,0.228261,0.295775,0,184,0,50,42,0,predictions_XAUUSD_Minute15_20250731.csv
168,152,0.904762,0.214286,0.223684,0.288136,0,152,0,42,34,0,predictions_XAUUSD_Minute15_20250801.csv
16,16,1.0,0.3125,0.3125,0.454545,0,16,0,3,5,0,predictions_XAUUSD_Minute15_20250803.csv
184,184,1.0,0.228261,0.228261,0.295775,0,184,0,49,42,0,predictions_XAUUSD_Minute15_20250804.csv
184,184,1.0,0.26087,0.26087,0.352941,0,184,0,44,48,0,predictions_XAUUSD_Minute15_20250805.csv
184,184,1.0,0.288043,0.288043,0.40458,0,184,0,38,53,0,predictions_XAUUSD_Minute15_20250806.csv
184,178,0.967391,0.217391,0.224719,0.289855,0,178,0,49,40,0,predictions_XAUUSD_Minute15_20250807.csv
168,142,0.845238,0.244048,0.253521,0.339623,0,142,0,35,36,0,predictions_XAUUSD_Minute15_20250808.csv
16,16,1.0,0.25,0.25,0.333333,0,16,0,4,4,0,predictions_XAUUSD_Minute15_20250810.csv
184,184,1.0,0.309783,0.309783,0.448819,0,184,0,35,57,0,predictions_XAUUSD_Minute15_20250811.csv
184,174,0.945652,0.25,0.247126,0.328244,0,174,0,44,43,0,predictions_XAUUSD_Minute15_20250812.csv
184,184,1.0,0.25,0.25,0.333333,0,184,0,46,46,0,predictions_XAUUSD_Minute15_20250813.csv
184,178,0.967391,0.277174,0.275281,0.379845,0,178,0,39,49,0,predictions_XAUUSD_Minute15_20250814.csv
168,168,1.0,0.261905,0.261905,0.354839,0,168,0,40,44,0,predictions_XAUUSD_Minute15_20250815.csv
16,16,1.0,0.4375,0.4375,0.777778,0,16,0,1,7,0,predictions_XAUUSD_Minute15_20250817.csv
184,184,1.0,0.26087,0.26087,0.352941,0,184,0,43,48,0,predictions_XAUUSD_Minute15_20250818.csv
184,184,1.0,0.282609,0.282609,0.393939,0,184,0,40,52,0,predictions_XAUUSD_Minute15_20250819.csv
184,184,1.0,0.222826,0.222826,0.286713,0,184,0,51,41,0,predictions_XAUUSD_Minute15_20250820.csv
184,184,1.0,0.26087,0.26087,0.352941,0,184,0,41,48,0,predictions_XAUUSD_Minute15_20250821.csv
168,168,1.0,0.244048,0.244048,0.322835,0,168,0,43,41,0,predictions_XAUUSD_Minute15_20250822.csv
16,16,1.0,0.375,0.375,0.6,0,16,0,2,6,0,predictions_XAUUSD_Minute15_20250824.csv
184,184,1.0,0.271739,0.271739,0.373134,0,184,0,42,50,0,predictions_XAUUSD_Minute15_20250825.csv
184,184,1.0,0.201087,0.201087,0.251701,0,184,0,55,37,0,predictions_XAUUSD_Minute15_20250826.csv
184,184,1.0,0.244565,0.244565,0.323741,0,184,0,47,45,0,predictions_XAUUSD_Minute15_20250827.csv
184,184,1.0,0.228261,0.228261,0.295775,0,184,0,50,42,0,predictions_XAUUSD_Minute15_20250828.csv
168,168,1.0,0.238095,0.238095,0.3125,0,168,0,44,40,0,predictions_XAUUSD_Minute15_20250829.csv
16,16,1.0,0.25,0.25,0.333333,0,16,0,4,4,0,predictions_XAUUSD_Minute15_20250831.csv
164,164,1.0,0.231707,0.231707,0.301587,0,164,0,43,38,0,predictions_XAUUSD_Minute15_20250901.csv
184,160,0.869565,0.233696,0.23125,0.300813,0,160,0,43,37,0,predictions_XAUUSD_Minute15_20250902.csv
184,172,0.934783,0.23913,0.238372,0.312977,0,172,0,44,41,0,predictions_XAUUSD_Minute15_20250903.csv
184,184,1.0,0.244565,0.244565,0.323741,0,184,0,47,45,0,predictions_XAUUSD_Minute15_20250904.csv
168,149,0.886905,0.214286,0.208054,0.262712,0,149,0,44,31,0,predictions_XAUUSD_Minute15_20250905.csv
16,15,0.9375,0.25,0.2,0.25,0,15,0,4,3,0,predictions_XAUUSD_Minute15_20250907.csv
184,184,1.0,0.233696,0.233696,0.304965,0,184,0,49,43,0,predictions_XAUUSD_Minute15_20250908.csv
184,170,0.923913,0.244565,0.241176,0.317829,0,170,0,44,41,0,predictions_XAUUSD_Minute15_20250909.csv
184,184,1.0,0.217391,0.217391,0.277778,0,184,0,51,40,0,predictions_XAUUSD_Minute15_20250910.csv
184,184,1.0,0.255435,0.255435,0.343066,0,184,0,45,47,0,predictions_XAUUSD_Minute15_20250911.csv
168,168,1.0,0.25,0.25,0.333333,0,168,0,42,42,0,predictions_XAUUSD_Minute15_20250912.csv
16,16,1.0,0.375,0.375,0.6,0,16,0,2,6,0,predictions_XAUUSD_Minute15_20250914.csv
184,184,1.0,0.222826,0.222826,0.286713,0,184,0,51,41,0,predictions_XAUUSD_Minute15_20250915.csv
184,184,1.0,0.23913,0.23913,0.314286,0,184,0,47,44,0,predictions_XAUUSD_Minute15_20250916.csv
184,184,1.0,0.271739,0.271739,0.373134,0,184,0,42,50,0,predictions_XAUUSD_Minute15_20250917.csv
184,174,0.945652,0.25,0.247126,0.328244,0,174,0,42,43,0,predictions_XAUUSD_Minute15_20250918.csv
168,168,1.0,0.208333,0.208333,0.263158,0,168,0,49,35,0,predictions_XAUUSD_Minute15_20250919.csv
16,16,1.0,0.25,0.25,0.333333,0,16,0,4,4,0,predictions_XAUUSD_Minute15_20250921.csv
184,184,1.0,0.217391,0.217391,0.277778,0,184,0,52,40,0,predictions_XAUUSD_Minute15_20250922.csv
184,184,1.0,0.211957,0.211957,0.268966,0,184,0,53,39,0,predictions_XAUUSD_Minute15_20250923.csv
184,184,1.0,0.266304,0.266304,0.362963,0,184,0,43,49,0,predictions_XAUUSD_Minute15_20250924.csv
184,172,0.934783,0.23913,0.226744,0.293233,0,172,0,46,39,0,predictions_XAUUSD_Minute15_20250925.csv
168,168,1.0,0.22619,0.22619,0.292308,0,168,0,46,38,0,predictions_XAUUSD_Minute15_20250926.csv
16,16,1.0,0.125,0.125,0.142857,0,16,0,6,2,0,predictions_XAUUSD_Minute15_20250928.csv
184,184,1.0,0.228261,0.228261,0.295775,0,184,0,50,42,0,predictions_XAUUSD_Minute15_20250929.csv
184,184,1.0,0.190217,0.190217,0.234899,0,184,0,57,35,0,predictions_XAUUSD_Minute15_20250930.csv
184,180,0.978261,0.228261,0.227778,0.294964,0,180,0,49,41,0,predictions_XAUUSD_Minute15_20251001.csv
184,184,1.0,0.211957,0.211957,0.268966,0,184,0,52,39,0,predictions_XAUUSD_Minute15_20251002.csv
168,168,1.0,0.238095,0.238095,0.3125,0,168,0,44,40,0,predictions_XAUUSD_Minute15_20251003.csv
16,16,1.0,0.0,0.0,0.0,0,16,0,7,0,0,predictions_XAUUSD_Minute15_20251005.csv
184,184,1.0,0.206522,0.206522,0.260274,0,184,0,53,38,0,predictions_XAUUSD_Minute15_20251006.csv
184,176,0.956522,0.233696,0.238636,0.313433,0,176,0,46,42,0,predictions_XAUUSD_Minute15_20251007.csv
184,184,1.0,0.23913,0.23913,0.314286,0,184,0,48,44,0,predictions_XAUUSD_Minute15_20251008.csv
184,160,0.869565,0.201087,0.20625,0.259843,0,160,0,47,33,0,predictions_XAUUSD_Minute15_20251009.csv
168,159,0.946429,0.238095,0.238994,0.31405,0,159,0,42,38,0,predictions_XAUUSD_Minute15_20251010.csv
